clave,descripcion,unidad,precio,fuente,fecha,estado
BAJOALF-PU6,"Bajo alfombra de espuma de poliuretano (Polipad) 6.35 mm, rollo 110 m²",m2,18.80,"Home Depot México SKU 945108 Polipad 6.35 mm × 110 m² $2,399 con IVA ⇒ $21.81/m² con IVA ⇒ $18.80 sin IVA (Home Depot, consulta 2026-09)",2026-09,validado con rango de mercado
TIRA-PUAS,Tira de púas para alfombra 7/8 in × 1.22 m con clavo para concreto integrado,m,13.25,Paquete 20 pzas × 1.22 m = 24.4 m $375 con IVA (CEPISA/Mercado Libre) ⇒ $15.37/m con IVA ⇒ $13.25 sin IVA; Home Depot vende pieza QEP 1.22 m,2026-09,validado con rango de mercado
CINTA-UNION-ALF,"Cinta termoadhesiva (hot-melt) para unión de alfombra, rollo 20 m",m,24.80,Cinta unión Capitol rollo 20 m $575 con IVA (CEPISA/Mercado Libre) ⇒ $28.75/m con IVA ⇒ $24.80 sin IVA,2026-09,validado con rango de mercado
ADH-CONTACTO,Pegamento de contacto tipo Resistol 5000 (lata 4 L),l,170.00,Home Depot México Resistol 5000 4 L $739-869 con IVA ⇒ $159-187/L sin IVA; se toma $170/L,2026-09,validado con rango de mercado
ALF-LUX-ARQUITEXTURA-SB,"Alfombra Luxor Arquitextura SB, Poliester rasurado (rollo; equivalente de gama 2026)",m2,331.00,"Regla de escala de la familia E06.06: precio = 95.00 + 1.1963 × (P.U. 2017 del modelo − 130.62), recta por dos anclas 2026 sin IVA: $95/m² para polipropileno económico (Sprint Plus, P.U. 2017 $130.62; respaldo: tabulador CDMX 2026-07 GH24BB 'alfombra modelo Sprint con bajo alfombra' $228.66/m² ⇒ alfombra ≈$90-100/m²; alfombras de uso rudo desde $150/m² con IVA, alfombrasypisosdf.com) y $600/m² para poliéster premium (Magnificent SB, P.U. 2017 $552.76; alfombra Luxor gama alta $450-800/m² solo material, analisisdepreciosunitarios.com 2025). Equivale a repartir los modelos en proporción a (P.U. 2017 − 51.2), la parte del P.U. 2017 que no es alfombra; este modelo: P.U. 2017 $327.73 ⇒ $331.00/m²",2026-09,referencia
ALF-LUX-ARUBA,"Alfombra Luxor Aruba, Poliester rasurado (rollo; equivalente de gama 2026)",m2,276.50,"Regla de escala de la familia E06.06: precio = 95.00 + 1.1963 × (P.U. 2017 del modelo − 130.62), recta por dos anclas 2026 sin IVA: $95/m² para polipropileno económico (Sprint Plus, P.U. 2017 $130.62; respaldo: tabulador CDMX 2026-07 GH24BB 'alfombra modelo Sprint con bajo alfombra' $228.66/m² ⇒ alfombra ≈$90-100/m²; alfombras de uso rudo desde $150/m² con IVA, alfombrasypisosdf.com) y $600/m² para poliéster premium (Magnificent SB, P.U. 2017 $552.76; alfombra Luxor gama alta $450-800/m² solo material, analisisdepreciosunitarios.com 2025). Equivale a repartir los modelos en proporción a (P.U. 2017 − 51.2), la parte del P.U. 2017 que no es alfombra; este modelo: P.U. 2017 $282.47 ⇒ $276.50/m²",2026-09,referencia
ALF-LUX-ATHLETIC-TURF,"Alfombra Luxor Athletic Turf, Pasto uv resitant (rollo; equivalente de gama 2026)",m2,621.50,"Regla de escala de la familia E06.06: precio = 95.00 + 1.1963 × (P.U. 2017 del modelo − 130.62), recta por dos anclas 2026 sin IVA: $95/m² para polipropileno económico (Sprint Plus, P.U. 2017 $130.62; respaldo: tabulador CDMX 2026-07 GH24BB 'alfombra modelo Sprint con bajo alfombra' $228.66/m² ⇒ alfombra ≈$90-100/m²; alfombras de uso rudo desde $150/m² con IVA, alfombrasypisosdf.com) y $600/m² para poliéster premium (Magnificent SB, P.U. 2017 $552.76; alfombra Luxor gama alta $450-800/m² solo material, analisisdepreciosunitarios.com 2025). Equivale a repartir los modelos en proporción a (P.U. 2017 − 51.2), la parte del P.U. 2017 que no es alfombra; este modelo: P.U. 2017 $570.86 ⇒ $621.50/m²",2026-09,referencia
ALF-LUX-BIG-LEAGUES,"Alfombra Luxor Big Leagues, Polipropileno Graphics (rollo; equivalente de gama 2026)",m2,253.50,"Regla de escala de la familia E06.06: precio = 95.00 + 1.1963 × (P.U. 2017 del modelo − 130.62), recta por dos anclas 2026 sin IVA: $95/m² para polipropileno económico (Sprint Plus, P.U. 2017 $130.62; respaldo: tabulador CDMX 2026-07 GH24BB 'alfombra modelo Sprint con bajo alfombra' $228.66/m² ⇒ alfombra ≈$90-100/m²; alfombras de uso rudo desde $150/m² con IVA, alfombrasypisosdf.com) y $600/m² para poliéster premium (Magnificent SB, P.U. 2017 $552.76; alfombra Luxor gama alta $450-800/m² solo material, analisisdepreciosunitarios.com 2025). Equivale a repartir los modelos en proporción a (P.U. 2017 − 51.2), la parte del P.U. 2017 que no es alfombra; este modelo: P.U. 2017 $263.08 ⇒ $253.50/m²",2026-09,referencia
ALF-LUX-BRUSSELS,"Alfombra Luxor Brussels, Polipropileno Berber (rollo; equivalente de gama 2026)",m2,175.50,"Regla de escala de la familia E06.06: precio = 95.00 + 1.1963 × (P.U. 2017 del modelo − 130.62), recta por dos anclas 2026 sin IVA: $95/m² para polipropileno económico (Sprint Plus, P.U. 2017 $130.62; respaldo: tabulador CDMX 2026-07 GH24BB 'alfombra modelo Sprint con bajo alfombra' $228.66/m² ⇒ alfombra ≈$90-100/m²; alfombras de uso rudo desde $150/m² con IVA, alfombrasypisosdf.com) y $600/m² para poliéster premium (Magnificent SB, P.U. 2017 $552.76; alfombra Luxor gama alta $450-800/m² solo material, analisisdepreciosunitarios.com 2025). Equivale a repartir los modelos en proporción a (P.U. 2017 − 51.2), la parte del P.U. 2017 que no es alfombra; este modelo: P.U. 2017 $197.86 ⇒ $175.50/m²",2026-09,referencia
ALF-LUX-CASA-GRANDE-4M-ANCHO,"Alfombra Luxor Casa Grande (4m.ancho), Polipropileno Frieze hilo fino (rollo; equivalente de gama 2026)",m2,300.00,"Regla de escala de la familia E06.06: precio = 95.00 + 1.1963 × (P.U. 2017 del modelo − 130.62), recta por dos anclas 2026 sin IVA: $95/m² para polipropileno económico (Sprint Plus, P.U. 2017 $130.62; respaldo: tabulador CDMX 2026-07 GH24BB 'alfombra modelo Sprint con bajo alfombra' $228.66/m² ⇒ alfombra ≈$90-100/m²; alfombras de uso rudo desde $150/m² con IVA, alfombrasypisosdf.com) y $600/m² para poliéster premium (Magnificent SB, P.U. 2017 $552.76; alfombra Luxor gama alta $450-800/m² solo material, analisisdepreciosunitarios.com 2025). Equivale a repartir los modelos en proporción a (P.U. 2017 − 51.2), la parte del P.U. 2017 que no es alfombra; este modelo: P.U. 2017 $301.87 ⇒ $300.00/m²",2026-09,referencia
ALF-LUX-CASTELLON,"Alfombra Luxor Castellon, Polipr/Nyl/Berber (rollo; equivalente de gama 2026)",m2,337.00,"Regla de escala de la familia E06.06: precio = 95.00 + 1.1963 × (P.U. 2017 del modelo − 130.62), recta por dos anclas 2026 sin IVA: $95/m² para polipropileno económico (Sprint Plus, P.U. 2017 $130.62; respaldo: tabulador CDMX 2026-07 GH24BB 'alfombra modelo Sprint con bajo alfombra' $228.66/m² ⇒ alfombra ≈$90-100/m²; alfombras de uso rudo desde $150/m² con IVA, alfombrasypisosdf.com) y $600/m² para poliéster premium (Magnificent SB, P.U. 2017 $552.76; alfombra Luxor gama alta $450-800/m² solo material, analisisdepreciosunitarios.com 2025). Equivale a repartir los modelos en proporción a (P.U. 2017 − 51.2), la parte del P.U. 2017 que no es alfombra; este modelo: P.U. 2017 $332.91 ⇒ $337.00/m²",2026-09,referencia
ALF-LUX-CRICKET-30,"Alfombra Luxor Cricket 30, Naylon rasurado (rollo; equivalente de gama 2026)",m2,279.50,"Regla de escala de la familia E06.06: precio = 95.00 + 1.1963 × (P.U. 2017 del modelo − 130.62), recta por dos anclas 2026 sin IVA: $95/m² para polipropileno económico (Sprint Plus, P.U. 2017 $130.62; respaldo: tabulador CDMX 2026-07 GH24BB 'alfombra modelo Sprint con bajo alfombra' $228.66/m² ⇒ alfombra ≈$90-100/m²; alfombras de uso rudo desde $150/m² con IVA, alfombrasypisosdf.com) y $600/m² para poliéster premium (Magnificent SB, P.U. 2017 $552.76; alfombra Luxor gama alta $450-800/m² solo material, analisisdepreciosunitarios.com 2025). Equivale a repartir los modelos en proporción a (P.U. 2017 − 51.2), la parte del P.U. 2017 que no es alfombra; este modelo: P.U. 2017 $285.05 ⇒ $279.50/m²",2026-09,referencia
ALF-LUX-CRICKET-36,"Alfombra Luxor Cricket 36, Naylon rasurado (rollo; equivalente de gama 2026)",m2,312.00,"Regla de escala de la familia E06.06: precio = 95.00 + 1.1963 × (P.U. 2017 del modelo − 130.62), recta por dos anclas 2026 sin IVA: $95/m² para polipropileno económico (Sprint Plus, P.U. 2017 $130.62; respaldo: tabulador CDMX 2026-07 GH24BB 'alfombra modelo Sprint con bajo alfombra' $228.66/m² ⇒ alfombra ≈$90-100/m²; alfombras de uso rudo desde $150/m² con IVA, alfombrasypisosdf.com) y $600/m² para poliéster premium (Magnificent SB, P.U. 2017 $552.76; alfombra Luxor gama alta $450-800/m² solo material, analisisdepreciosunitarios.com 2025). Equivale a repartir los modelos en proporción a (P.U. 2017 − 51.2), la parte del P.U. 2017 que no es alfombra; este modelo: P.U. 2017 $312.22 ⇒ $312.00/m²",2026-09,referencia
ALF-LUX-CRICKET-42,"Alfombra Luxor Cricket 42, Naylon rasurado (rollo; equivalente de gama 2026)",m2,371.00,"Regla de escala de la familia E06.06: precio = 95.00 + 1.1963 × (P.U. 2017 del modelo − 130.62), recta por dos anclas 2026 sin IVA: $95/m² para polipropileno económico (Sprint Plus, P.U. 2017 $130.62; respaldo: tabulador CDMX 2026-07 GH24BB 'alfombra modelo Sprint con bajo alfombra' $228.66/m² ⇒ alfombra ≈$90-100/m²; alfombras de uso rudo desde $150/m² con IVA, alfombrasypisosdf.com) y $600/m² para poliéster premium (Magnificent SB, P.U. 2017 $552.76; alfombra Luxor gama alta $450-800/m² solo material, analisisdepreciosunitarios.com 2025). Equivale a repartir los modelos en proporción a (P.U. 2017 − 51.2), la parte del P.U. 2017 que no es alfombra; este modelo: P.U. 2017 $361.36 ⇒ $371.00/m²",2026-09,referencia
ALF-LUX-DUNAS,"Alfombra Luxor Dunas, Poliester frieze (rollo; equivalente de gama 2026)",m2,261.00,"Regla de escala de la familia E06.06: precio = 95.00 + 1.1963 × (P.U. 2017 del modelo − 130.62), recta por dos anclas 2026 sin IVA: $95/m² para polipropileno económico (Sprint Plus, P.U. 2017 $130.62; respaldo: tabulador CDMX 2026-07 GH24BB 'alfombra modelo Sprint con bajo alfombra' $228.66/m² ⇒ alfombra ≈$90-100/m²; alfombras de uso rudo desde $150/m² con IVA, alfombrasypisosdf.com) y $600/m² para poliéster premium (Magnificent SB, P.U. 2017 $552.76; alfombra Luxor gama alta $450-800/m² solo material, analisisdepreciosunitarios.com 2025). Equivale a repartir los modelos en proporción a (P.U. 2017 − 51.2), la parte del P.U. 2017 que no es alfombra; este modelo: P.U. 2017 $269.54 ⇒ $261.00/m²",2026-09,referencia
ALF-LUX-FALL-SPELLS-SB,"Alfombra Luxor Fall Spells SB, Poliester frieze (rollo; equivalente de gama 2026)",m2,467.00,"Regla de escala de la familia E06.06: precio = 95.00 + 1.1963 × (P.U. 2017 del modelo − 130.62), recta por dos anclas 2026 sin IVA: $95/m² para polipropileno económico (Sprint Plus, P.U. 2017 $130.62; respaldo: tabulador CDMX 2026-07 GH24BB 'alfombra modelo Sprint con bajo alfombra' $228.66/m² ⇒ alfombra ≈$90-100/m²; alfombras de uso rudo desde $150/m² con IVA, alfombrasypisosdf.com) y $600/m² para poliéster premium (Magnificent SB, P.U. 2017 $552.76; alfombra Luxor gama alta $450-800/m² solo material, analisisdepreciosunitarios.com 2025). Equivale a repartir los modelos en proporción a (P.U. 2017 − 51.2), la parte del P.U. 2017 que no es alfombra; este modelo: P.U. 2017 $441.54 ⇒ $467.00/m²",2026-09,referencia
ALF-LUX-FIFTH-AVENUE-SB,"Alfombra Luxor Fifth Avenue SB, Poliester Hilo Fino Ras. (rollo; equivalente de gama 2026)",m2,405.00,"Regla de escala de la familia E06.06: precio = 95.00 + 1.1963 × (P.U. 2017 del modelo − 130.62), recta por dos anclas 2026 sin IVA: $95/m² para polipropileno económico (Sprint Plus, P.U. 2017 $130.62; respaldo: tabulador CDMX 2026-07 GH24BB 'alfombra modelo Sprint con bajo alfombra' $228.66/m² ⇒ alfombra ≈$90-100/m²; alfombras de uso rudo desde $150/m² con IVA, alfombrasypisosdf.com) y $600/m² para poliéster premium (Magnificent SB, P.U. 2017 $552.76; alfombra Luxor gama alta $450-800/m² solo material, analisisdepreciosunitarios.com 2025). Equivale a repartir los modelos en proporción a (P.U. 2017 − 51.2), la parte del P.U. 2017 que no es alfombra; este modelo: P.U. 2017 $389.81 ⇒ $405.00/m²",2026-09,referencia
ALF-LUX-GIARDINO,"Alfombra Luxor Giardino, Poliester Berber (rollo; equivalente de gama 2026)",m2,236.50,"Regla de escala de la familia E06.06: precio = 95.00 + 1.1963 × (P.U. 2017 del modelo − 130.62), recta por dos anclas 2026 sin IVA: $95/m² para polipropileno económico (Sprint Plus, P.U. 2017 $130.62; respaldo: tabulador CDMX 2026-07 GH24BB 'alfombra modelo Sprint con bajo alfombra' $228.66/m² ⇒ alfombra ≈$90-100/m²; alfombras de uso rudo desde $150/m² con IVA, alfombrasypisosdf.com) y $600/m² para poliéster premium (Magnificent SB, P.U. 2017 $552.76; alfombra Luxor gama alta $450-800/m² solo material, analisisdepreciosunitarios.com 2025). Equivale a repartir los modelos en proporción a (P.U. 2017 − 51.2), la parte del P.U. 2017 que no es alfombra; este modelo: P.U. 2017 $248.85 ⇒ $236.50/m²",2026-09,referencia
ALF-LUX-GRAND-SLAM,"Alfombra Luxor Grand Slam, Polipropileno Graphics (rollo; equivalente de gama 2026)",m2,137.00,"Regla de escala de la familia E06.06: precio = 95.00 + 1.1963 × (P.U. 2017 del modelo − 130.62), recta por dos anclas 2026 sin IVA: $95/m² para polipropileno económico (Sprint Plus, P.U. 2017 $130.62; respaldo: tabulador CDMX 2026-07 GH24BB 'alfombra modelo Sprint con bajo alfombra' $228.66/m² ⇒ alfombra ≈$90-100/m²; alfombras de uso rudo desde $150/m² con IVA, alfombrasypisosdf.com) y $600/m² para poliéster premium (Magnificent SB, P.U. 2017 $552.76; alfombra Luxor gama alta $450-800/m² solo material, analisisdepreciosunitarios.com 2025). Equivale a repartir los modelos en proporción a (P.U. 2017 − 51.2), la parte del P.U. 2017 que no es alfombra; este modelo: P.U. 2017 $165.54 ⇒ $137.00/m²",2026-09,referencia
ALF-LUX-GREEN-VALLEY,"Alfombra Luxor Green Valley, Polipropileno uv resistant (rollo; equivalente de gama 2026)",m2,194.00,"Regla de escala de la familia E06.06: precio = 95.00 + 1.1963 × (P.U. 2017 del modelo − 130.62), recta por dos anclas 2026 sin IVA: $95/m² para polipropileno económico (Sprint Plus, P.U. 2017 $130.62; respaldo: tabulador CDMX 2026-07 GH24BB 'alfombra modelo Sprint con bajo alfombra' $228.66/m² ⇒ alfombra ≈$90-100/m²; alfombras de uso rudo desde $150/m² con IVA, alfombrasypisosdf.com) y $600/m² para poliéster premium (Magnificent SB, P.U. 2017 $552.76; alfombra Luxor gama alta $450-800/m² solo material, analisisdepreciosunitarios.com 2025). Equivale a repartir los modelos en proporción a (P.U. 2017 − 51.2), la parte del P.U. 2017 que no es alfombra; este modelo: P.U. 2017 $213.38 ⇒ $194.00/m²",2026-09,referencia
ALF-LUX-HANDICAP,"Alfombra Luxor Handicap, Poliester rasurado (rollo; equivalente de gama 2026)",m2,147.50,"Regla de escala de la familia E06.06: precio = 95.00 + 1.1963 × (P.U. 2017 del modelo − 130.62), recta por dos anclas 2026 sin IVA: $95/m² para polipropileno económico (Sprint Plus, P.U. 2017 $130.62; respaldo: tabulador CDMX 2026-07 GH24BB 'alfombra modelo Sprint con bajo alfombra' $228.66/m² ⇒ alfombra ≈$90-100/m²; alfombras de uso rudo desde $150/m² con IVA, alfombrasypisosdf.com) y $600/m² para poliéster premium (Magnificent SB, P.U. 2017 $552.76; alfombra Luxor gama alta $450-800/m² solo material, analisisdepreciosunitarios.com 2025). Equivale a repartir los modelos en proporción a (P.U. 2017 − 51.2), la parte del P.U. 2017 que no es alfombra; este modelo: P.U. 2017 $174.59 ⇒ $147.50/m²",2026-09,referencia
ALF-LUX-INNSBRUCK,"Alfombra Luxor Innsbruck, Polipropileno Berber (rollo; equivalente de gama 2026)",m2,140.00,"Regla de escala de la familia E06.06: precio = 95.00 + 1.1963 × (P.U. 2017 del modelo − 130.62), recta por dos anclas 2026 sin IVA: $95/m² para polipropileno económico (Sprint Plus, P.U. 2017 $130.62; respaldo: tabulador CDMX 2026-07 GH24BB 'alfombra modelo Sprint con bajo alfombra' $228.66/m² ⇒ alfombra ≈$90-100/m²; alfombras de uso rudo desde $150/m² con IVA, alfombrasypisosdf.com) y $600/m² para poliéster premium (Magnificent SB, P.U. 2017 $552.76; alfombra Luxor gama alta $450-800/m² solo material, analisisdepreciosunitarios.com 2025). Equivale a repartir los modelos en proporción a (P.U. 2017 − 51.2), la parte del P.U. 2017 que no es alfombra; este modelo: P.U. 2017 $168.12 ⇒ $140.00/m²",2026-09,referencia
ALF-LUX-JAZZ,"Alfombra Luxor Jazz, Poliester rasurado (rollo; equivalente de gama 2026)",m2,324.50,"Regla de escala de la familia E06.06: precio = 95.00 + 1.1963 × (P.U. 2017 del modelo − 130.62), recta por dos anclas 2026 sin IVA: $95/m² para polipropileno económico (Sprint Plus, P.U. 2017 $130.62; respaldo: tabulador CDMX 2026-07 GH24BB 'alfombra modelo Sprint con bajo alfombra' $228.66/m² ⇒ alfombra ≈$90-100/m²; alfombras de uso rudo desde $150/m² con IVA, alfombrasypisosdf.com) y $600/m² para poliéster premium (Magnificent SB, P.U. 2017 $552.76; alfombra Luxor gama alta $450-800/m² solo material, analisisdepreciosunitarios.com 2025). Equivale a repartir los modelos en proporción a (P.U. 2017 − 51.2), la parte del P.U. 2017 que no es alfombra; este modelo: P.U. 2017 $322.57 ⇒ $324.50/m²",2026-09,referencia
ALF-LUX-LEGACY,"Alfombra Luxor Legacy, Poliester semiras. (rollo; equivalente de gama 2026)",m2,289.00,"Regla de escala de la familia E06.06: precio = 95.00 + 1.1963 × (P.U. 2017 del modelo − 130.62), recta por dos anclas 2026 sin IVA: $95/m² para polipropileno económico (Sprint Plus, P.U. 2017 $130.62; respaldo: tabulador CDMX 2026-07 GH24BB 'alfombra modelo Sprint con bajo alfombra' $228.66/m² ⇒ alfombra ≈$90-100/m²; alfombras de uso rudo desde $150/m² con IVA, alfombrasypisosdf.com) y $600/m² para poliéster premium (Magnificent SB, P.U. 2017 $552.76; alfombra Luxor gama alta $450-800/m² solo material, analisisdepreciosunitarios.com 2025). Equivale a repartir los modelos en proporción a (P.U. 2017 − 51.2), la parte del P.U. 2017 que no es alfombra; este modelo: P.U. 2017 $292.82 ⇒ $289.00/m²",2026-09,referencia
ALF-LUX-LOS-ANDES,"Alfombra Luxor Los Andes, Polipropileno Berber (rollo; equivalente de gama 2026)",m2,143.00,"Regla de escala de la familia E06.06: precio = 95.00 + 1.1963 × (P.U. 2017 del modelo − 130.62), recta por dos anclas 2026 sin IVA: $95/m² para polipropileno económico (Sprint Plus, P.U. 2017 $130.62; respaldo: tabulador CDMX 2026-07 GH24BB 'alfombra modelo Sprint con bajo alfombra' $228.66/m² ⇒ alfombra ≈$90-100/m²; alfombras de uso rudo desde $150/m² con IVA, alfombrasypisosdf.com) y $600/m² para poliéster premium (Magnificent SB, P.U. 2017 $552.76; alfombra Luxor gama alta $450-800/m² solo material, analisisdepreciosunitarios.com 2025). Equivale a repartir los modelos en proporción a (P.U. 2017 − 51.2), la parte del P.U. 2017 que no es alfombra; este modelo: P.U. 2017 $170.70 ⇒ $143.00/m²",2026-09,referencia
ALF-LUX-MAGNIFICIENT-SB,"Alfombra Luxor Magnificient SB, Poliester frieze (rollo; equivalente de gama 2026)",m2,600.00,"Regla de escala de la familia E06.06: precio = 95.00 + 1.1963 × (P.U. 2017 del modelo − 130.62), recta por dos anclas 2026 sin IVA: $95/m² para polipropileno económico (Sprint Plus, P.U. 2017 $130.62; respaldo: tabulador CDMX 2026-07 GH24BB 'alfombra modelo Sprint con bajo alfombra' $228.66/m² ⇒ alfombra ≈$90-100/m²; alfombras de uso rudo desde $150/m² con IVA, alfombrasypisosdf.com) y $600/m² para poliéster premium (Magnificent SB, P.U. 2017 $552.76; alfombra Luxor gama alta $450-800/m² solo material, analisisdepreciosunitarios.com 2025). Equivale a repartir los modelos en proporción a (P.U. 2017 − 51.2), la parte del P.U. 2017 que no es alfombra; este modelo: P.U. 2017 $552.76 ⇒ $600.00/m²",2026-09,referencia
ALF-LUX-MARATHON-PLUS,"Alfombra Luxor Marathon PLus, Polipropileno (rollo; equivalente de gama 2026)",m2,109.00,"Regla de escala de la familia E06.06: precio = 95.00 + 1.1963 × (P.U. 2017 del modelo − 130.62), recta por dos anclas 2026 sin IVA: $95/m² para polipropileno económico (Sprint Plus, P.U. 2017 $130.62; respaldo: tabulador CDMX 2026-07 GH24BB 'alfombra modelo Sprint con bajo alfombra' $228.66/m² ⇒ alfombra ≈$90-100/m²; alfombras de uso rudo desde $150/m² con IVA, alfombrasypisosdf.com) y $600/m² para poliéster premium (Magnificent SB, P.U. 2017 $552.76; alfombra Luxor gama alta $450-800/m² solo material, analisisdepreciosunitarios.com 2025). Equivale a repartir los modelos en proporción a (P.U. 2017 − 51.2), la parte del P.U. 2017 que no es alfombra; este modelo: P.U. 2017 $142.25 ⇒ $109.00/m²",2026-09,referencia
ALF-LUX-MARATON-23,"Alfombra Luxor Maraton 23, Poligr Graphics (rollo; equivalente de gama 2026)",m2,155.50,"Regla de escala de la familia E06.06: precio = 95.00 + 1.1963 × (P.U. 2017 del modelo − 130.62), recta por dos anclas 2026 sin IVA: $95/m² para polipropileno económico (Sprint Plus, P.U. 2017 $130.62; respaldo: tabulador CDMX 2026-07 GH24BB 'alfombra modelo Sprint con bajo alfombra' $228.66/m² ⇒ alfombra ≈$90-100/m²; alfombras de uso rudo desde $150/m² con IVA, alfombrasypisosdf.com) y $600/m² para poliéster premium (Magnificent SB, P.U. 2017 $552.76; alfombra Luxor gama alta $450-800/m² solo material, analisisdepreciosunitarios.com 2025). Equivale a repartir los modelos en proporción a (P.U. 2017 − 51.2), la parte del P.U. 2017 que no es alfombra; este modelo: P.U. 2017 $181.05 ⇒ $155.50/m²",2026-09,referencia
ALF-LUX-MARBELLA,"Alfombra Luxor Marbella, Polipr/Nyl/Berber (rollo; equivalente de gama 2026)",m2,343.00,"Regla de escala de la familia E06.06: precio = 95.00 + 1.1963 × (P.U. 2017 del modelo − 130.62), recta por dos anclas 2026 sin IVA: $95/m² para polipropileno económico (Sprint Plus, P.U. 2017 $130.62; respaldo: tabulador CDMX 2026-07 GH24BB 'alfombra modelo Sprint con bajo alfombra' $228.66/m² ⇒ alfombra ≈$90-100/m²; alfombras de uso rudo desde $150/m² con IVA, alfombrasypisosdf.com) y $600/m² para poliéster premium (Magnificent SB, P.U. 2017 $552.76; alfombra Luxor gama alta $450-800/m² solo material, analisisdepreciosunitarios.com 2025). Equivale a repartir los modelos en proporción a (P.U. 2017 − 51.2), la parte del P.U. 2017 que no es alfombra; este modelo: P.U. 2017 $338.08 ⇒ $343.00/m²",2026-09,referencia
ALF-LUX-MONTECARLO-PLUS,"Alfombra Luxor Montecarlo Plus, Poliester rasurado (rollo; equivalente de gama 2026)",m2,171.00,"Regla de escala de la familia E06.06: precio = 95.00 + 1.1963 × (P.U. 2017 del modelo − 130.62), recta por dos anclas 2026 sin IVA: $95/m² para polipropileno económico (Sprint Plus, P.U. 2017 $130.62; respaldo: tabulador CDMX 2026-07 GH24BB 'alfombra modelo Sprint con bajo alfombra' $228.66/m² ⇒ alfombra ≈$90-100/m²; alfombras de uso rudo desde $150/m² con IVA, alfombrasypisosdf.com) y $600/m² para poliéster premium (Magnificent SB, P.U. 2017 $552.76; alfombra Luxor gama alta $450-800/m² solo material, analisisdepreciosunitarios.com 2025). Equivale a repartir los modelos en proporción a (P.U. 2017 − 51.2), la parte del P.U. 2017 que no es alfombra; este modelo: P.U. 2017 $193.99 ⇒ $171.00/m²",2026-09,referencia
ALF-LUX-NATURE,"Alfombra Luxor Nature, Polipropileno Graphics (rollo; equivalente de gama 2026)",m2,175.50,"Regla de escala de la familia E06.06: precio = 95.00 + 1.1963 × (P.U. 2017 del modelo − 130.62), recta por dos anclas 2026 sin IVA: $95/m² para polipropileno económico (Sprint Plus, P.U. 2017 $130.62; respaldo: tabulador CDMX 2026-07 GH24BB 'alfombra modelo Sprint con bajo alfombra' $228.66/m² ⇒ alfombra ≈$90-100/m²; alfombras de uso rudo desde $150/m² con IVA, alfombrasypisosdf.com) y $600/m² para poliéster premium (Magnificent SB, P.U. 2017 $552.76; alfombra Luxor gama alta $450-800/m² solo material, analisisdepreciosunitarios.com 2025). Equivale a repartir los modelos en proporción a (P.U. 2017 − 51.2), la parte del P.U. 2017 que no es alfombra; este modelo: P.U. 2017 $197.86 ⇒ $175.50/m²",2026-09,referencia
ALF-LUX-NORTH-SHORE,"Alfombra Luxor North Shore, Polipropileno (rollo; equivalente de gama 2026)",m2,194.00,"Regla de escala de la familia E06.06: precio = 95.00 + 1.1963 × (P.U. 2017 del modelo − 130.62), recta por dos anclas 2026 sin IVA: $95/m² para polipropileno económico (Sprint Plus, P.U. 2017 $130.62; respaldo: tabulador CDMX 2026-07 GH24BB 'alfombra modelo Sprint con bajo alfombra' $228.66/m² ⇒ alfombra ≈$90-100/m²; alfombras de uso rudo desde $150/m² con IVA, alfombrasypisosdf.com) y $600/m² para poliéster premium (Magnificent SB, P.U. 2017 $552.76; alfombra Luxor gama alta $450-800/m² solo material, analisisdepreciosunitarios.com 2025). Equivale a repartir los modelos en proporción a (P.U. 2017 − 51.2), la parte del P.U. 2017 que no es alfombra; este modelo: P.U. 2017 $213.38 ⇒ $194.00/m²",2026-09,referencia
ALF-LUX-OLEO,"Alfombra Luxor Oleo, Poliester rasurado (rollo; equivalente de gama 2026)",m2,437.50,"Regla de escala de la familia E06.06: precio = 95.00 + 1.1963 × (P.U. 2017 del modelo − 130.62), recta por dos anclas 2026 sin IVA: $95/m² para polipropileno económico (Sprint Plus, P.U. 2017 $130.62; respaldo: tabulador CDMX 2026-07 GH24BB 'alfombra modelo Sprint con bajo alfombra' $228.66/m² ⇒ alfombra ≈$90-100/m²; alfombras de uso rudo desde $150/m² con IVA, alfombrasypisosdf.com) y $600/m² para poliéster premium (Magnificent SB, P.U. 2017 $552.76; alfombra Luxor gama alta $450-800/m² solo material, analisisdepreciosunitarios.com 2025). Equivale a repartir los modelos en proporción a (P.U. 2017 − 51.2), la parte del P.U. 2017 que no es alfombra; este modelo: P.U. 2017 $416.96 ⇒ $437.50/m²",2026-09,referencia
ALF-LUX-PASTO-GARDEN,"Alfombra Luxor Pasto Garden, Polipropileno (rollo; equivalente de gama 2026)",m2,96.50,"Regla de escala de la familia E06.06: precio = 95.00 + 1.1963 × (P.U. 2017 del modelo − 130.62), recta por dos anclas 2026 sin IVA: $95/m² para polipropileno económico (Sprint Plus, P.U. 2017 $130.62; respaldo: tabulador CDMX 2026-07 GH24BB 'alfombra modelo Sprint con bajo alfombra' $228.66/m² ⇒ alfombra ≈$90-100/m²; alfombras de uso rudo desde $150/m² con IVA, alfombrasypisosdf.com) y $600/m² para poliéster premium (Magnificent SB, P.U. 2017 $552.76; alfombra Luxor gama alta $450-800/m² solo material, analisisdepreciosunitarios.com 2025). Equivale a repartir los modelos en proporción a (P.U. 2017 − 51.2), la parte del P.U. 2017 que no es alfombra; este modelo: P.U. 2017 $131.91 ⇒ $96.50/m²",2026-09,referencia
ALF-LUX-PASTO-INGLES,"Alfombra Luxor Pasto Ingles, Polipropileno uv resistant (rollo; equivalente de gama 2026)",m2,278.00,"Regla de escala de la familia E06.06: precio = 95.00 + 1.1963 × (P.U. 2017 del modelo − 130.62), recta por dos anclas 2026 sin IVA: $95/m² para polipropileno económico (Sprint Plus, P.U. 2017 $130.62; respaldo: tabulador CDMX 2026-07 GH24BB 'alfombra modelo Sprint con bajo alfombra' $228.66/m² ⇒ alfombra ≈$90-100/m²; alfombras de uso rudo desde $150/m² con IVA, alfombrasypisosdf.com) y $600/m² para poliéster premium (Magnificent SB, P.U. 2017 $552.76; alfombra Luxor gama alta $450-800/m² solo material, analisisdepreciosunitarios.com 2025). Equivale a repartir los modelos en proporción a (P.U. 2017 − 51.2), la parte del P.U. 2017 que no es alfombra; este modelo: P.U. 2017 $283.77 ⇒ $278.00/m²",2026-09,referencia
ALF-LUX-PASTO-PARK,"Alfombra Luxor Pasto Park, Polipropileno (rollo; equivalente de gama 2026)",m2,140.00,"Regla de escala de la familia E06.06: precio = 95.00 + 1.1963 × (P.U. 2017 del modelo − 130.62), recta por dos anclas 2026 sin IVA: $95/m² para polipropileno económico (Sprint Plus, P.U. 2017 $130.62; respaldo: tabulador CDMX 2026-07 GH24BB 'alfombra modelo Sprint con bajo alfombra' $228.66/m² ⇒ alfombra ≈$90-100/m²; alfombras de uso rudo desde $150/m² con IVA, alfombrasypisosdf.com) y $600/m² para poliéster premium (Magnificent SB, P.U. 2017 $552.76; alfombra Luxor gama alta $450-800/m² solo material, analisisdepreciosunitarios.com 2025). Equivale a repartir los modelos en proporción a (P.U. 2017 − 51.2), la parte del P.U. 2017 que no es alfombra; este modelo: P.U. 2017 $168.12 ⇒ $140.00/m²",2026-09,referencia
ALF-LUX-PASTO-PARK-AZUL,"Alfombra Luxor Pasto Park Azul, Polipropileno (rollo; equivalente de gama 2026)",m2,147.50,"Regla de escala de la familia E06.06: precio = 95.00 + 1.1963 × (P.U. 2017 del modelo − 130.62), recta por dos anclas 2026 sin IVA: $95/m² para polipropileno económico (Sprint Plus, P.U. 2017 $130.62; respaldo: tabulador CDMX 2026-07 GH24BB 'alfombra modelo Sprint con bajo alfombra' $228.66/m² ⇒ alfombra ≈$90-100/m²; alfombras de uso rudo desde $150/m² con IVA, alfombrasypisosdf.com) y $600/m² para poliéster premium (Magnificent SB, P.U. 2017 $552.76; alfombra Luxor gama alta $450-800/m² solo material, analisisdepreciosunitarios.com 2025). Equivale a repartir los modelos en proporción a (P.U. 2017 − 51.2), la parte del P.U. 2017 que no es alfombra; este modelo: P.U. 2017 $174.59 ⇒ $147.50/m²",2026-09,referencia
ALF-LUX-PORTO-ALEGRE,"Alfombra Luxor Porto Alegre, Polipropileno Naylon berber (rollo; equivalente de gama 2026)",m2,303.00,"Regla de escala de la familia E06.06: precio = 95.00 + 1.1963 × (P.U. 2017 del modelo − 130.62), recta por dos anclas 2026 sin IVA: $95/m² para polipropileno económico (Sprint Plus, P.U. 2017 $130.62; respaldo: tabulador CDMX 2026-07 GH24BB 'alfombra modelo Sprint con bajo alfombra' $228.66/m² ⇒ alfombra ≈$90-100/m²; alfombras de uso rudo desde $150/m² con IVA, alfombrasypisosdf.com) y $600/m² para poliéster premium (Magnificent SB, P.U. 2017 $552.76; alfombra Luxor gama alta $450-800/m² solo material, analisisdepreciosunitarios.com 2025). Equivale a repartir los modelos en proporción a (P.U. 2017 − 51.2), la parte del P.U. 2017 que no es alfombra; este modelo: P.U. 2017 $304.44 ⇒ $303.00/m²",2026-09,referencia
ALF-LUX-SCOTLAND,"Alfombra Luxor Scotland, Polipropileno Graphics (rollo; equivalente de gama 2026)",m2,147.50,"Regla de escala de la familia E06.06: precio = 95.00 + 1.1963 × (P.U. 2017 del modelo − 130.62), recta por dos anclas 2026 sin IVA: $95/m² para polipropileno económico (Sprint Plus, P.U. 2017 $130.62; respaldo: tabulador CDMX 2026-07 GH24BB 'alfombra modelo Sprint con bajo alfombra' $228.66/m² ⇒ alfombra ≈$90-100/m²; alfombras de uso rudo desde $150/m² con IVA, alfombrasypisosdf.com) y $600/m² para poliéster premium (Magnificent SB, P.U. 2017 $552.76; alfombra Luxor gama alta $450-800/m² solo material, analisisdepreciosunitarios.com 2025). Equivale a repartir los modelos en proporción a (P.U. 2017 − 51.2), la parte del P.U. 2017 que no es alfombra; este modelo: P.U. 2017 $174.59 ⇒ $147.50/m²",2026-09,referencia
ALF-LUX-SPRINT-PLUS,"Alfombra Luxor Sprint Plus, Polipropileno (rollo; equivalente de gama 2026)",m2,95.00,"Regla de escala de la familia E06.06: precio = 95.00 + 1.1963 × (P.U. 2017 del modelo − 130.62), recta por dos anclas 2026 sin IVA: $95/m² para polipropileno económico (Sprint Plus, P.U. 2017 $130.62; respaldo: tabulador CDMX 2026-07 GH24BB 'alfombra modelo Sprint con bajo alfombra' $228.66/m² ⇒ alfombra ≈$90-100/m²; alfombras de uso rudo desde $150/m² con IVA, alfombrasypisosdf.com) y $600/m² para poliéster premium (Magnificent SB, P.U. 2017 $552.76; alfombra Luxor gama alta $450-800/m² solo material, analisisdepreciosunitarios.com 2025). Equivale a repartir los modelos en proporción a (P.U. 2017 − 51.2), la parte del P.U. 2017 que no es alfombra; este modelo: P.U. 2017 $130.62 ⇒ $95.00/m²",2026-09,referencia
ALF-LUX-SUPER-BOWL,"Alfombra Luxor Super Bowl, Polipropileno Graphics (rollo; equivalente de gama 2026)",m2,253.50,"Regla de escala de la familia E06.06: precio = 95.00 + 1.1963 × (P.U. 2017 del modelo − 130.62), recta por dos anclas 2026 sin IVA: $95/m² para polipropileno económico (Sprint Plus, P.U. 2017 $130.62; respaldo: tabulador CDMX 2026-07 GH24BB 'alfombra modelo Sprint con bajo alfombra' $228.66/m² ⇒ alfombra ≈$90-100/m²; alfombras de uso rudo desde $150/m² con IVA, alfombrasypisosdf.com) y $600/m² para poliéster premium (Magnificent SB, P.U. 2017 $552.76; alfombra Luxor gama alta $450-800/m² solo material, analisisdepreciosunitarios.com 2025). Equivale a repartir los modelos en proporción a (P.U. 2017 − 51.2), la parte del P.U. 2017 que no es alfombra; este modelo: P.U. 2017 $263.08 ⇒ $253.50/m²",2026-09,referencia
ALF-LUX-TRACK-FIELD,"Alfombra Luxor Track & Field, Polipropileno Graphics (rollo; equivalente de gama 2026)",m2,171.00,"Regla de escala de la familia E06.06: precio = 95.00 + 1.1963 × (P.U. 2017 del modelo − 130.62), recta por dos anclas 2026 sin IVA: $95/m² para polipropileno económico (Sprint Plus, P.U. 2017 $130.62; respaldo: tabulador CDMX 2026-07 GH24BB 'alfombra modelo Sprint con bajo alfombra' $228.66/m² ⇒ alfombra ≈$90-100/m²; alfombras de uso rudo desde $150/m² con IVA, alfombrasypisosdf.com) y $600/m² para poliéster premium (Magnificent SB, P.U. 2017 $552.76; alfombra Luxor gama alta $450-800/m² solo material, analisisdepreciosunitarios.com 2025). Equivale a repartir los modelos en proporción a (P.U. 2017 − 51.2), la parte del P.U. 2017 que no es alfombra; este modelo: P.U. 2017 $193.99 ⇒ $171.00/m²",2026-09,referencia
ALF-LUX-VENUS,"Alfombra Luxor Venus, Poliester rasurado (rollo; equivalente de gama 2026)",m2,238.00,"Regla de escala de la familia E06.06: precio = 95.00 + 1.1963 × (P.U. 2017 del modelo − 130.62), recta por dos anclas 2026 sin IVA: $95/m² para polipropileno económico (Sprint Plus, P.U. 2017 $130.62; respaldo: tabulador CDMX 2026-07 GH24BB 'alfombra modelo Sprint con bajo alfombra' $228.66/m² ⇒ alfombra ≈$90-100/m²; alfombras de uso rudo desde $150/m² con IVA, alfombrasypisosdf.com) y $600/m² para poliéster premium (Magnificent SB, P.U. 2017 $552.76; alfombra Luxor gama alta $450-800/m² solo material, analisisdepreciosunitarios.com 2025). Equivale a repartir los modelos en proporción a (P.U. 2017 − 51.2), la parte del P.U. 2017 que no es alfombra; este modelo: P.U. 2017 $250.14 ⇒ $238.00/m²",2026-09,referencia
ALF-LUX-VERSALLES-SB,"Alfombra Luxor Versalles SB, Nylon texture (rollo; equivalente de gama 2026)",m2,498.00,"Regla de escala de la familia E06.06: precio = 95.00 + 1.1963 × (P.U. 2017 del modelo − 130.62), recta por dos anclas 2026 sin IVA: $95/m² para polipropileno económico (Sprint Plus, P.U. 2017 $130.62; respaldo: tabulador CDMX 2026-07 GH24BB 'alfombra modelo Sprint con bajo alfombra' $228.66/m² ⇒ alfombra ≈$90-100/m²; alfombras de uso rudo desde $150/m² con IVA, alfombrasypisosdf.com) y $600/m² para poliéster premium (Magnificent SB, P.U. 2017 $552.76; alfombra Luxor gama alta $450-800/m² solo material, analisisdepreciosunitarios.com 2025). Equivale a repartir los modelos en proporción a (P.U. 2017 − 51.2), la parte del P.U. 2017 que no es alfombra; este modelo: P.U. 2017 $467.41 ⇒ $498.00/m²",2026-09,referencia
ALF-LUX-VIAGGIO-4-12M-ANCHO,"Alfombra Luxor Viaggio (4.12m ancho), Polipropileno Berber (rollo; equivalente de gama 2026)",m2,266.00,"Regla de escala de la familia E06.06: precio = 95.00 + 1.1963 × (P.U. 2017 del modelo − 130.62), recta por dos anclas 2026 sin IVA: $95/m² para polipropileno económico (Sprint Plus, P.U. 2017 $130.62; respaldo: tabulador CDMX 2026-07 GH24BB 'alfombra modelo Sprint con bajo alfombra' $228.66/m² ⇒ alfombra ≈$90-100/m²; alfombras de uso rudo desde $150/m² con IVA, alfombrasypisosdf.com) y $600/m² para poliéster premium (Magnificent SB, P.U. 2017 $552.76; alfombra Luxor gama alta $450-800/m² solo material, analisisdepreciosunitarios.com 2025). Equivale a repartir los modelos en proporción a (P.U. 2017 − 51.2), la parte del P.U. 2017 que no es alfombra; este modelo: P.U. 2017 $273.42 ⇒ $266.00/m²",2026-09,referencia
ALF-LUX-WIMBLEDON,"Alfombra Luxor Wimbledon, Pasto uv resitant (rollo; equivalente de gama 2026)",m2,286.00,"Regla de escala de la familia E06.06: precio = 95.00 + 1.1963 × (P.U. 2017 del modelo − 130.62), recta por dos anclas 2026 sin IVA: $95/m² para polipropileno económico (Sprint Plus, P.U. 2017 $130.62; respaldo: tabulador CDMX 2026-07 GH24BB 'alfombra modelo Sprint con bajo alfombra' $228.66/m² ⇒ alfombra ≈$90-100/m²; alfombras de uso rudo desde $150/m² con IVA, alfombrasypisosdf.com) y $600/m² para poliéster premium (Magnificent SB, P.U. 2017 $552.76; alfombra Luxor gama alta $450-800/m² solo material, analisisdepreciosunitarios.com 2025). Equivale a repartir los modelos en proporción a (P.U. 2017 − 51.2), la parte del P.U. 2017 que no es alfombra; este modelo: P.U. 2017 $290.22 ⇒ $286.00/m²",2026-09,referencia
ALF-LUX-YORKSHIRE,"Alfombra Luxor Yorkshire, Nylon Rizo (rollo; equivalente de gama 2026)",m2,293.50,"Regla de escala de la familia E06.06: precio = 95.00 + 1.1963 × (P.U. 2017 del modelo − 130.62), recta por dos anclas 2026 sin IVA: $95/m² para polipropileno económico (Sprint Plus, P.U. 2017 $130.62; respaldo: tabulador CDMX 2026-07 GH24BB 'alfombra modelo Sprint con bajo alfombra' $228.66/m² ⇒ alfombra ≈$90-100/m²; alfombras de uso rudo desde $150/m² con IVA, alfombrasypisosdf.com) y $600/m² para poliéster premium (Magnificent SB, P.U. 2017 $552.76; alfombra Luxor gama alta $450-800/m² solo material, analisisdepreciosunitarios.com 2025). Equivale a repartir los modelos en proporción a (P.U. 2017 − 51.2), la parte del P.U. 2017 que no es alfombra; este modelo: P.U. 2017 $296.69 ⇒ $293.50/m²",2026-09,referencia
ALF-TER-ACTION-TURF-C-BACKING,"Alfombra Tersa Action Turf c/Backing, Pasto uv resistant (rollo; equivalente de gama 2026)",m2,621.50,"Regla de escala de la familia E06.06: precio = 95.00 + 1.1963 × (P.U. 2017 del modelo − 130.62), recta por dos anclas 2026 sin IVA: $95/m² para polipropileno económico (Sprint Plus, P.U. 2017 $130.62; respaldo: tabulador CDMX 2026-07 GH24BB 'alfombra modelo Sprint con bajo alfombra' $228.66/m² ⇒ alfombra ≈$90-100/m²; alfombras de uso rudo desde $150/m² con IVA, alfombrasypisosdf.com) y $600/m² para poliéster premium (Magnificent SB, P.U. 2017 $552.76; alfombra Luxor gama alta $450-800/m² solo material, analisisdepreciosunitarios.com 2025). Equivale a repartir los modelos en proporción a (P.U. 2017 − 51.2), la parte del P.U. 2017 que no es alfombra; este modelo: P.U. 2017 $570.86 ⇒ $621.50/m²",2026-09,referencia
ALF-TER-ARTISAN-ILLUSIONS,"Alfombra Tersa Artisan Illusions, Wooltex Berber (rollo; equivalente de gama 2026)",m2,312.00,"Regla de escala de la familia E06.06: precio = 95.00 + 1.1963 × (P.U. 2017 del modelo − 130.62), recta por dos anclas 2026 sin IVA: $95/m² para polipropileno económico (Sprint Plus, P.U. 2017 $130.62; respaldo: tabulador CDMX 2026-07 GH24BB 'alfombra modelo Sprint con bajo alfombra' $228.66/m² ⇒ alfombra ≈$90-100/m²; alfombras de uso rudo desde $150/m² con IVA, alfombrasypisosdf.com) y $600/m² para poliéster premium (Magnificent SB, P.U. 2017 $552.76; alfombra Luxor gama alta $450-800/m² solo material, analisisdepreciosunitarios.com 2025). Equivale a repartir los modelos en proporción a (P.U. 2017 − 51.2), la parte del P.U. 2017 que no es alfombra; este modelo: P.U. 2017 $312.22 ⇒ $312.00/m²",2026-09,referencia
ALF-TER-ASPEN,"Alfombra Tersa Aspen, Poliester frieze (rollo; equivalente de gama 2026)",m2,365.00,"Regla de escala de la familia E06.06: precio = 95.00 + 1.1963 × (P.U. 2017 del modelo − 130.62), recta por dos anclas 2026 sin IVA: $95/m² para polipropileno económico (Sprint Plus, P.U. 2017 $130.62; respaldo: tabulador CDMX 2026-07 GH24BB 'alfombra modelo Sprint con bajo alfombra' $228.66/m² ⇒ alfombra ≈$90-100/m²; alfombras de uso rudo desde $150/m² con IVA, alfombrasypisosdf.com) y $600/m² para poliéster premium (Magnificent SB, P.U. 2017 $552.76; alfombra Luxor gama alta $450-800/m² solo material, analisisdepreciosunitarios.com 2025). Equivale a repartir los modelos en proporción a (P.U. 2017 − 51.2), la parte del P.U. 2017 que no es alfombra; este modelo: P.U. 2017 $356.18 ⇒ $365.00/m²",2026-09,referencia
ALF-TER-ASTURIAS,"Alfombra Tersa Asturias, Polipropileno berber (rollo; equivalente de gama 2026)",m2,235.00,"Regla de escala de la familia E06.06: precio = 95.00 + 1.1963 × (P.U. 2017 del modelo − 130.62), recta por dos anclas 2026 sin IVA: $95/m² para polipropileno económico (Sprint Plus, P.U. 2017 $130.62; respaldo: tabulador CDMX 2026-07 GH24BB 'alfombra modelo Sprint con bajo alfombra' $228.66/m² ⇒ alfombra ≈$90-100/m²; alfombras de uso rudo desde $150/m² con IVA, alfombrasypisosdf.com) y $600/m² para poliéster premium (Magnificent SB, P.U. 2017 $552.76; alfombra Luxor gama alta $450-800/m² solo material, analisisdepreciosunitarios.com 2025). Equivale a repartir los modelos en proporción a (P.U. 2017 − 51.2), la parte del P.U. 2017 que no es alfombra; este modelo: P.U. 2017 $247.54 ⇒ $235.00/m²",2026-09,referencia
ALF-TER-BAYFIELD,"Alfombra Tersa Bayfield, Polipropileno Graphics (rollo; equivalente de gama 2026)",m2,177.00,"Regla de escala de la familia E06.06: precio = 95.00 + 1.1963 × (P.U. 2017 del modelo − 130.62), recta por dos anclas 2026 sin IVA: $95/m² para polipropileno económico (Sprint Plus, P.U. 2017 $130.62; respaldo: tabulador CDMX 2026-07 GH24BB 'alfombra modelo Sprint con bajo alfombra' $228.66/m² ⇒ alfombra ≈$90-100/m²; alfombras de uso rudo desde $150/m² con IVA, alfombrasypisosdf.com) y $600/m² para poliéster premium (Magnificent SB, P.U. 2017 $552.76; alfombra Luxor gama alta $450-800/m² solo material, analisisdepreciosunitarios.com 2025). Equivale a repartir los modelos en proporción a (P.U. 2017 − 51.2), la parte del P.U. 2017 que no es alfombra; este modelo: P.U. 2017 $199.15 ⇒ $177.00/m²",2026-09,referencia
ALF-TER-BERTINNI,"Alfombra Tersa Bertinni, Polipropileno berber (rollo; equivalente de gama 2026)",m2,266.00,"Regla de escala de la familia E06.06: precio = 95.00 + 1.1963 × (P.U. 2017 del modelo − 130.62), recta por dos anclas 2026 sin IVA: $95/m² para polipropileno económico (Sprint Plus, P.U. 2017 $130.62; respaldo: tabulador CDMX 2026-07 GH24BB 'alfombra modelo Sprint con bajo alfombra' $228.66/m² ⇒ alfombra ≈$90-100/m²; alfombras de uso rudo desde $150/m² con IVA, alfombrasypisosdf.com) y $600/m² para poliéster premium (Magnificent SB, P.U. 2017 $552.76; alfombra Luxor gama alta $450-800/m² solo material, analisisdepreciosunitarios.com 2025). Equivale a repartir los modelos en proporción a (P.U. 2017 − 51.2), la parte del P.U. 2017 que no es alfombra; este modelo: P.U. 2017 $273.42 ⇒ $266.00/m²",2026-09,referencia
ALF-TER-BOLOM-II,"Alfombra Tersa Bolom II, Poliester Frieze (rollo; equivalente de gama 2026)",m2,172.50,"Regla de escala de la familia E06.06: precio = 95.00 + 1.1963 × (P.U. 2017 del modelo − 130.62), recta por dos anclas 2026 sin IVA: $95/m² para polipropileno económico (Sprint Plus, P.U. 2017 $130.62; respaldo: tabulador CDMX 2026-07 GH24BB 'alfombra modelo Sprint con bajo alfombra' $228.66/m² ⇒ alfombra ≈$90-100/m²; alfombras de uso rudo desde $150/m² con IVA, alfombrasypisosdf.com) y $600/m² para poliéster premium (Magnificent SB, P.U. 2017 $552.76; alfombra Luxor gama alta $450-800/m² solo material, analisisdepreciosunitarios.com 2025). Equivale a repartir los modelos en proporción a (P.U. 2017 − 51.2), la parte del P.U. 2017 que no es alfombra; este modelo: P.U. 2017 $195.28 ⇒ $172.50/m²",2026-09,referencia
ALF-TER-BRITTANY,"Alfombra Tersa Brittany, Poliester rasurada (rollo; equivalente de gama 2026)",m2,331.00,"Regla de escala de la familia E06.06: precio = 95.00 + 1.1963 × (P.U. 2017 del modelo − 130.62), recta por dos anclas 2026 sin IVA: $95/m² para polipropileno económico (Sprint Plus, P.U. 2017 $130.62; respaldo: tabulador CDMX 2026-07 GH24BB 'alfombra modelo Sprint con bajo alfombra' $228.66/m² ⇒ alfombra ≈$90-100/m²; alfombras de uso rudo desde $150/m² con IVA, alfombrasypisosdf.com) y $600/m² para poliéster premium (Magnificent SB, P.U. 2017 $552.76; alfombra Luxor gama alta $450-800/m² solo material, analisisdepreciosunitarios.com 2025). Equivale a repartir los modelos en proporción a (P.U. 2017 − 51.2), la parte del P.U. 2017 que no es alfombra; este modelo: P.U. 2017 $327.73 ⇒ $331.00/m²",2026-09,referencia
ALF-TER-CARDIFF-SB,"Alfombra Tersa Cardiff SB, Nylon texture (rollo; equivalente de gama 2026)",m2,498.00,"Regla de escala de la familia E06.06: precio = 95.00 + 1.1963 × (P.U. 2017 del modelo − 130.62), recta por dos anclas 2026 sin IVA: $95/m² para polipropileno económico (Sprint Plus, P.U. 2017 $130.62; respaldo: tabulador CDMX 2026-07 GH24BB 'alfombra modelo Sprint con bajo alfombra' $228.66/m² ⇒ alfombra ≈$90-100/m²; alfombras de uso rudo desde $150/m² con IVA, alfombrasypisosdf.com) y $600/m² para poliéster premium (Magnificent SB, P.U. 2017 $552.76; alfombra Luxor gama alta $450-800/m² solo material, analisisdepreciosunitarios.com 2025). Equivale a repartir los modelos en proporción a (P.U. 2017 − 51.2), la parte del P.U. 2017 que no es alfombra; este modelo: P.U. 2017 $467.41 ⇒ $498.00/m²",2026-09,referencia
ALF-TER-CARTAGENA,"Alfombra Tersa Cartagena, Polipropileno berber (rollo; equivalente de gama 2026)",m2,241.00,"Regla de escala de la familia E06.06: precio = 95.00 + 1.1963 × (P.U. 2017 del modelo − 130.62), recta por dos anclas 2026 sin IVA: $95/m² para polipropileno económico (Sprint Plus, P.U. 2017 $130.62; respaldo: tabulador CDMX 2026-07 GH24BB 'alfombra modelo Sprint con bajo alfombra' $228.66/m² ⇒ alfombra ≈$90-100/m²; alfombras de uso rudo desde $150/m² con IVA, alfombrasypisosdf.com) y $600/m² para poliéster premium (Magnificent SB, P.U. 2017 $552.76; alfombra Luxor gama alta $450-800/m² solo material, analisisdepreciosunitarios.com 2025). Equivale a repartir los modelos en proporción a (P.U. 2017 − 51.2), la parte del P.U. 2017 que no es alfombra; este modelo: P.U. 2017 $252.73 ⇒ $241.00/m²",2026-09,referencia
ALF-TER-DESIGNER-S-CHOISE,"Alfombra Tersa Designer's Choise, Poliester rasurado (rollo; equivalente de gama 2026)",m2,542.50,"Regla de escala de la familia E06.06: precio = 95.00 + 1.1963 × (P.U. 2017 del modelo − 130.62), recta por dos anclas 2026 sin IVA: $95/m² para polipropileno económico (Sprint Plus, P.U. 2017 $130.62; respaldo: tabulador CDMX 2026-07 GH24BB 'alfombra modelo Sprint con bajo alfombra' $228.66/m² ⇒ alfombra ≈$90-100/m²; alfombras de uso rudo desde $150/m² con IVA, alfombrasypisosdf.com) y $600/m² para poliéster premium (Magnificent SB, P.U. 2017 $552.76; alfombra Luxor gama alta $450-800/m² solo material, analisisdepreciosunitarios.com 2025). Equivale a repartir los modelos en proporción a (P.U. 2017 − 51.2), la parte del P.U. 2017 que no es alfombra; este modelo: P.U. 2017 $504.90 ⇒ $542.50/m²",2026-09,referencia
ALF-TER-DREAMWEAVER,"Alfombra Tersa Dreamweaver, Poliester shag (rollo; equivalente de gama 2026)",m2,375.50,"Regla de escala de la familia E06.06: precio = 95.00 + 1.1963 × (P.U. 2017 del modelo − 130.62), recta por dos anclas 2026 sin IVA: $95/m² para polipropileno económico (Sprint Plus, P.U. 2017 $130.62; respaldo: tabulador CDMX 2026-07 GH24BB 'alfombra modelo Sprint con bajo alfombra' $228.66/m² ⇒ alfombra ≈$90-100/m²; alfombras de uso rudo desde $150/m² con IVA, alfombrasypisosdf.com) y $600/m² para poliéster premium (Magnificent SB, P.U. 2017 $552.76; alfombra Luxor gama alta $450-800/m² solo material, analisisdepreciosunitarios.com 2025). Equivale a repartir los modelos en proporción a (P.U. 2017 − 51.2), la parte del P.U. 2017 que no es alfombra; este modelo: P.U. 2017 $365.24 ⇒ $375.50/m²",2026-09,referencia
ALF-TER-EJECUTIVA,"Alfombra Tersa Ejecutiva, Polipropileno (rollo; equivalente de gama 2026)",m2,194.00,"Regla de escala de la familia E06.06: precio = 95.00 + 1.1963 × (P.U. 2017 del modelo − 130.62), recta por dos anclas 2026 sin IVA: $95/m² para polipropileno económico (Sprint Plus, P.U. 2017 $130.62; respaldo: tabulador CDMX 2026-07 GH24BB 'alfombra modelo Sprint con bajo alfombra' $228.66/m² ⇒ alfombra ≈$90-100/m²; alfombras de uso rudo desde $150/m² con IVA, alfombrasypisosdf.com) y $600/m² para poliéster premium (Magnificent SB, P.U. 2017 $552.76; alfombra Luxor gama alta $450-800/m² solo material, analisisdepreciosunitarios.com 2025). Equivale a repartir los modelos en proporción a (P.U. 2017 − 51.2), la parte del P.U. 2017 que no es alfombra; este modelo: P.U. 2017 $213.38 ⇒ $194.00/m²",2026-09,referencia
ALF-TER-EMINENCE-30,"Alfombra Tersa Eminence 30, Naylon rasurado (rollo; equivalente de gama 2026)",m2,279.50,"Regla de escala de la familia E06.06: precio = 95.00 + 1.1963 × (P.U. 2017 del modelo − 130.62), recta por dos anclas 2026 sin IVA: $95/m² para polipropileno económico (Sprint Plus, P.U. 2017 $130.62; respaldo: tabulador CDMX 2026-07 GH24BB 'alfombra modelo Sprint con bajo alfombra' $228.66/m² ⇒ alfombra ≈$90-100/m²; alfombras de uso rudo desde $150/m² con IVA, alfombrasypisosdf.com) y $600/m² para poliéster premium (Magnificent SB, P.U. 2017 $552.76; alfombra Luxor gama alta $450-800/m² solo material, analisisdepreciosunitarios.com 2025). Equivale a repartir los modelos en proporción a (P.U. 2017 − 51.2), la parte del P.U. 2017 que no es alfombra; este modelo: P.U. 2017 $285.05 ⇒ $279.50/m²",2026-09,referencia
ALF-TER-EMINENCE-36,"Alfombra Tersa Eminence 36, Naylon rasurado (rollo; equivalente de gama 2026)",m2,312.00,"Regla de escala de la familia E06.06: precio = 95.00 + 1.1963 × (P.U. 2017 del modelo − 130.62), recta por dos anclas 2026 sin IVA: $95/m² para polipropileno económico (Sprint Plus, P.U. 2017 $130.62; respaldo: tabulador CDMX 2026-07 GH24BB 'alfombra modelo Sprint con bajo alfombra' $228.66/m² ⇒ alfombra ≈$90-100/m²; alfombras de uso rudo desde $150/m² con IVA, alfombrasypisosdf.com) y $600/m² para poliéster premium (Magnificent SB, P.U. 2017 $552.76; alfombra Luxor gama alta $450-800/m² solo material, analisisdepreciosunitarios.com 2025). Equivale a repartir los modelos en proporción a (P.U. 2017 − 51.2), la parte del P.U. 2017 que no es alfombra; este modelo: P.U. 2017 $312.22 ⇒ $312.00/m²",2026-09,referencia
ALF-TER-EMINENCE-42,"Alfombra Tersa Eminence 42, Naylon rasurado (rollo; equivalente de gama 2026)",m2,371.00,"Regla de escala de la familia E06.06: precio = 95.00 + 1.1963 × (P.U. 2017 del modelo − 130.62), recta por dos anclas 2026 sin IVA: $95/m² para polipropileno económico (Sprint Plus, P.U. 2017 $130.62; respaldo: tabulador CDMX 2026-07 GH24BB 'alfombra modelo Sprint con bajo alfombra' $228.66/m² ⇒ alfombra ≈$90-100/m²; alfombras de uso rudo desde $150/m² con IVA, alfombrasypisosdf.com) y $600/m² para poliéster premium (Magnificent SB, P.U. 2017 $552.76; alfombra Luxor gama alta $450-800/m² solo material, analisisdepreciosunitarios.com 2025). Equivale a repartir los modelos en proporción a (P.U. 2017 − 51.2), la parte del P.U. 2017 que no es alfombra; este modelo: P.U. 2017 $361.36 ⇒ $371.00/m²",2026-09,referencia
ALF-TER-EVOLUTION,"Alfombra Tersa Evolution, Polipropileno. Graphics (rollo; equivalente de gama 2026)",m2,137.00,"Regla de escala de la familia E06.06: precio = 95.00 + 1.1963 × (P.U. 2017 del modelo − 130.62), recta por dos anclas 2026 sin IVA: $95/m² para polipropileno económico (Sprint Plus, P.U. 2017 $130.62; respaldo: tabulador CDMX 2026-07 GH24BB 'alfombra modelo Sprint con bajo alfombra' $228.66/m² ⇒ alfombra ≈$90-100/m²; alfombras de uso rudo desde $150/m² con IVA, alfombrasypisosdf.com) y $600/m² para poliéster premium (Magnificent SB, P.U. 2017 $552.76; alfombra Luxor gama alta $450-800/m² solo material, analisisdepreciosunitarios.com 2025). Equivale a repartir los modelos en proporción a (P.U. 2017 − 51.2), la parte del P.U. 2017 que no es alfombra; este modelo: P.U. 2017 $165.54 ⇒ $137.00/m²",2026-09,referencia
ALF-TER-FIELD,"Alfombra Tersa Field, Polipropileno uv resistant (rollo; equivalente de gama 2026)",m2,278.00,"Regla de escala de la familia E06.06: precio = 95.00 + 1.1963 × (P.U. 2017 del modelo − 130.62), recta por dos anclas 2026 sin IVA: $95/m² para polipropileno económico (Sprint Plus, P.U. 2017 $130.62; respaldo: tabulador CDMX 2026-07 GH24BB 'alfombra modelo Sprint con bajo alfombra' $228.66/m² ⇒ alfombra ≈$90-100/m²; alfombras de uso rudo desde $150/m² con IVA, alfombrasypisosdf.com) y $600/m² para poliéster premium (Magnificent SB, P.U. 2017 $552.76; alfombra Luxor gama alta $450-800/m² solo material, analisisdepreciosunitarios.com 2025). Equivale a repartir los modelos en proporción a (P.U. 2017 − 51.2), la parte del P.U. 2017 que no es alfombra; este modelo: P.U. 2017 $283.77 ⇒ $278.00/m²",2026-09,referencia
ALF-TER-FLAIRE-PLUS,"Alfombra Tersa Flaire Plus, Polipropileno Graphics (rollo; equivalente de gama 2026)",m2,164.50,"Regla de escala de la familia E06.06: precio = 95.00 + 1.1963 × (P.U. 2017 del modelo − 130.62), recta por dos anclas 2026 sin IVA: $95/m² para polipropileno económico (Sprint Plus, P.U. 2017 $130.62; respaldo: tabulador CDMX 2026-07 GH24BB 'alfombra modelo Sprint con bajo alfombra' $228.66/m² ⇒ alfombra ≈$90-100/m²; alfombras de uso rudo desde $150/m² con IVA, alfombrasypisosdf.com) y $600/m² para poliéster premium (Magnificent SB, P.U. 2017 $552.76; alfombra Luxor gama alta $450-800/m² solo material, analisisdepreciosunitarios.com 2025). Equivale a repartir los modelos en proporción a (P.U. 2017 − 51.2), la parte del P.U. 2017 que no es alfombra; este modelo: P.U. 2017 $188.81 ⇒ $164.50/m²",2026-09,referencia
ALF-TER-FREEPORT-SB,"Alfombra Tersa Freeport SB, Poliester rasurados (rollo; equivalente de gama 2026)",m2,491.50,"Regla de escala de la familia E06.06: precio = 95.00 + 1.1963 × (P.U. 2017 del modelo − 130.62), recta por dos anclas 2026 sin IVA: $95/m² para polipropileno económico (Sprint Plus, P.U. 2017 $130.62; respaldo: tabulador CDMX 2026-07 GH24BB 'alfombra modelo Sprint con bajo alfombra' $228.66/m² ⇒ alfombra ≈$90-100/m²; alfombras de uso rudo desde $150/m² con IVA, alfombrasypisosdf.com) y $600/m² para poliéster premium (Magnificent SB, P.U. 2017 $552.76; alfombra Luxor gama alta $450-800/m² solo material, analisisdepreciosunitarios.com 2025). Equivale a repartir los modelos en proporción a (P.U. 2017 − 51.2), la parte del P.U. 2017 que no es alfombra; este modelo: P.U. 2017 $462.22 ⇒ $491.50/m²",2026-09,referencia
ALF-TER-GOLF-III,"Alfombra Tersa Golf III, Polipropileno uv resistant (rollo; equivalente de gama 2026)",m2,194.00,"Regla de escala de la familia E06.06: precio = 95.00 + 1.1963 × (P.U. 2017 del modelo − 130.62), recta por dos anclas 2026 sin IVA: $95/m² para polipropileno económico (Sprint Plus, P.U. 2017 $130.62; respaldo: tabulador CDMX 2026-07 GH24BB 'alfombra modelo Sprint con bajo alfombra' $228.66/m² ⇒ alfombra ≈$90-100/m²; alfombras de uso rudo desde $150/m² con IVA, alfombrasypisosdf.com) y $600/m² para poliéster premium (Magnificent SB, P.U. 2017 $552.76; alfombra Luxor gama alta $450-800/m² solo material, analisisdepreciosunitarios.com 2025). Equivale a repartir los modelos en proporción a (P.U. 2017 − 51.2), la parte del P.U. 2017 que no es alfombra; este modelo: P.U. 2017 $213.38 ⇒ $194.00/m²",2026-09,referencia
ALF-TER-GUERRERO-II,"Alfombra Tersa Guerrero II, Polipropileno (rollo; equivalente de gama 2026)",m2,95.00,"Regla de escala de la familia E06.06: precio = 95.00 + 1.1963 × (P.U. 2017 del modelo − 130.62), recta por dos anclas 2026 sin IVA: $95/m² para polipropileno económico (Sprint Plus, P.U. 2017 $130.62; respaldo: tabulador CDMX 2026-07 GH24BB 'alfombra modelo Sprint con bajo alfombra' $228.66/m² ⇒ alfombra ≈$90-100/m²; alfombras de uso rudo desde $150/m² con IVA, alfombrasypisosdf.com) y $600/m² para poliéster premium (Magnificent SB, P.U. 2017 $552.76; alfombra Luxor gama alta $450-800/m² solo material, analisisdepreciosunitarios.com 2025). Equivale a repartir los modelos en proporción a (P.U. 2017 − 51.2), la parte del P.U. 2017 que no es alfombra; este modelo: P.U. 2017 $130.62 ⇒ $95.00/m²",2026-09,referencia
ALF-TER-KEY-WEST,"Alfombra Tersa Key West, Poliester semiras (rollo; equivalente de gama 2026)",m2,289.00,"Regla de escala de la familia E06.06: precio = 95.00 + 1.1963 × (P.U. 2017 del modelo − 130.62), recta por dos anclas 2026 sin IVA: $95/m² para polipropileno económico (Sprint Plus, P.U. 2017 $130.62; respaldo: tabulador CDMX 2026-07 GH24BB 'alfombra modelo Sprint con bajo alfombra' $228.66/m² ⇒ alfombra ≈$90-100/m²; alfombras de uso rudo desde $150/m² con IVA, alfombrasypisosdf.com) y $600/m² para poliéster premium (Magnificent SB, P.U. 2017 $552.76; alfombra Luxor gama alta $450-800/m² solo material, analisisdepreciosunitarios.com 2025). Equivale a repartir los modelos en proporción a (P.U. 2017 − 51.2), la parte del P.U. 2017 que no es alfombra; este modelo: P.U. 2017 $292.82 ⇒ $289.00/m²",2026-09,referencia
ALF-TER-LA-SILLA,"Alfombra Tersa La Silla, Poliester rasurado (rollo; equivalente de gama 2026)",m2,238.00,"Regla de escala de la familia E06.06: precio = 95.00 + 1.1963 × (P.U. 2017 del modelo − 130.62), recta por dos anclas 2026 sin IVA: $95/m² para polipropileno económico (Sprint Plus, P.U. 2017 $130.62; respaldo: tabulador CDMX 2026-07 GH24BB 'alfombra modelo Sprint con bajo alfombra' $228.66/m² ⇒ alfombra ≈$90-100/m²; alfombras de uso rudo desde $150/m² con IVA, alfombrasypisosdf.com) y $600/m² para poliéster premium (Magnificent SB, P.U. 2017 $552.76; alfombra Luxor gama alta $450-800/m² solo material, analisisdepreciosunitarios.com 2025). Equivale a repartir los modelos en proporción a (P.U. 2017 − 51.2), la parte del P.U. 2017 que no es alfombra; este modelo: P.U. 2017 $250.14 ⇒ $238.00/m²",2026-09,referencia
ALF-TER-LIFESTYLE-SB,"Alfombra Tersa Lifestyle SB, Poliester hilo fino rasurado (rollo; equivalente de gama 2026)",m2,513.50,"Regla de escala de la familia E06.06: precio = 95.00 + 1.1963 × (P.U. 2017 del modelo − 130.62), recta por dos anclas 2026 sin IVA: $95/m² para polipropileno económico (Sprint Plus, P.U. 2017 $130.62; respaldo: tabulador CDMX 2026-07 GH24BB 'alfombra modelo Sprint con bajo alfombra' $228.66/m² ⇒ alfombra ≈$90-100/m²; alfombras de uso rudo desde $150/m² con IVA, alfombrasypisosdf.com) y $600/m² para poliéster premium (Magnificent SB, P.U. 2017 $552.76; alfombra Luxor gama alta $450-800/m² solo material, analisisdepreciosunitarios.com 2025). Equivale a repartir los modelos en proporción a (P.U. 2017 − 51.2), la parte del P.U. 2017 que no es alfombra; este modelo: P.U. 2017 $480.34 ⇒ $513.50/m²",2026-09,referencia
ALF-TER-LUX-II,"Alfombra Tersa Lux II, Poliester rasurado (rollo; equivalente de gama 2026)",m2,161.50,"Regla de escala de la familia E06.06: precio = 95.00 + 1.1963 × (P.U. 2017 del modelo − 130.62), recta por dos anclas 2026 sin IVA: $95/m² para polipropileno económico (Sprint Plus, P.U. 2017 $130.62; respaldo: tabulador CDMX 2026-07 GH24BB 'alfombra modelo Sprint con bajo alfombra' $228.66/m² ⇒ alfombra ≈$90-100/m²; alfombras de uso rudo desde $150/m² con IVA, alfombrasypisosdf.com) y $600/m² para poliéster premium (Magnificent SB, P.U. 2017 $552.76; alfombra Luxor gama alta $450-800/m² solo material, analisisdepreciosunitarios.com 2025). Equivale a repartir los modelos en proporción a (P.U. 2017 − 51.2), la parte del P.U. 2017 que no es alfombra; este modelo: P.U. 2017 $186.24 ⇒ $161.50/m²",2026-09,referencia
ALF-TER-MONTICELLO-SB,"Alfombra Tersa Monticello SB, Poliester rasurado (rollo; equivalente de gama 2026)",m2,547.50,"Regla de escala de la familia E06.06: precio = 95.00 + 1.1963 × (P.U. 2017 del modelo − 130.62), recta por dos anclas 2026 sin IVA: $95/m² para polipropileno económico (Sprint Plus, P.U. 2017 $130.62; respaldo: tabulador CDMX 2026-07 GH24BB 'alfombra modelo Sprint con bajo alfombra' $228.66/m² ⇒ alfombra ≈$90-100/m²; alfombras de uso rudo desde $150/m² con IVA, alfombrasypisosdf.com) y $600/m² para poliéster premium (Magnificent SB, P.U. 2017 $552.76; alfombra Luxor gama alta $450-800/m² solo material, analisisdepreciosunitarios.com 2025). Equivale a repartir los modelos en proporción a (P.U. 2017 − 51.2), la parte del P.U. 2017 que no es alfombra; este modelo: P.U. 2017 $508.79 ⇒ $547.50/m²",2026-09,referencia
ALF-TER-NAPA-II,"Alfombra Tersa Napa II, Polipropileno berber (rollo; equivalente de gama 2026)",m2,126.00,"Regla de escala de la familia E06.06: precio = 95.00 + 1.1963 × (P.U. 2017 del modelo − 130.62), recta por dos anclas 2026 sin IVA: $95/m² para polipropileno económico (Sprint Plus, P.U. 2017 $130.62; respaldo: tabulador CDMX 2026-07 GH24BB 'alfombra modelo Sprint con bajo alfombra' $228.66/m² ⇒ alfombra ≈$90-100/m²; alfombras de uso rudo desde $150/m² con IVA, alfombrasypisosdf.com) y $600/m² para poliéster premium (Magnificent SB, P.U. 2017 $552.76; alfombra Luxor gama alta $450-800/m² solo material, analisisdepreciosunitarios.com 2025). Equivale a repartir los modelos en proporción a (P.U. 2017 − 51.2), la parte del P.U. 2017 que no es alfombra; este modelo: P.U. 2017 $156.47 ⇒ $126.00/m²",2026-09,referencia
ALF-TER-OLEFINA-1500,"Alfombra Tersa Olefina 1500, Polipropileno (rollo; equivalente de gama 2026)",m2,109.00,"Regla de escala de la familia E06.06: precio = 95.00 + 1.1963 × (P.U. 2017 del modelo − 130.62), recta por dos anclas 2026 sin IVA: $95/m² para polipropileno económico (Sprint Plus, P.U. 2017 $130.62; respaldo: tabulador CDMX 2026-07 GH24BB 'alfombra modelo Sprint con bajo alfombra' $228.66/m² ⇒ alfombra ≈$90-100/m²; alfombras de uso rudo desde $150/m² con IVA, alfombrasypisosdf.com) y $600/m² para poliéster premium (Magnificent SB, P.U. 2017 $552.76; alfombra Luxor gama alta $450-800/m² solo material, analisisdepreciosunitarios.com 2025). Equivale a repartir los modelos en proporción a (P.U. 2017 − 51.2), la parte del P.U. 2017 que no es alfombra; este modelo: P.U. 2017 $142.25 ⇒ $109.00/m²",2026-09,referencia
ALF-TER-OLEFINA-2300,"Alfombra Tersa Olefina 2300, Polipropileno (rollo; equivalente de gama 2026)",m2,155.50,"Regla de escala de la familia E06.06: precio = 95.00 + 1.1963 × (P.U. 2017 del modelo − 130.62), recta por dos anclas 2026 sin IVA: $95/m² para polipropileno económico (Sprint Plus, P.U. 2017 $130.62; respaldo: tabulador CDMX 2026-07 GH24BB 'alfombra modelo Sprint con bajo alfombra' $228.66/m² ⇒ alfombra ≈$90-100/m²; alfombras de uso rudo desde $150/m² con IVA, alfombrasypisosdf.com) y $600/m² para poliéster premium (Magnificent SB, P.U. 2017 $552.76; alfombra Luxor gama alta $450-800/m² solo material, analisisdepreciosunitarios.com 2025). Equivale a repartir los modelos en proporción a (P.U. 2017 − 51.2), la parte del P.U. 2017 que no es alfombra; este modelo: P.U. 2017 $181.05 ⇒ $155.50/m²",2026-09,referencia
ALF-TER-OXFORD,"Alfombra Tersa Oxford, Poliester rasurada (rollo; equivalente de gama 2026)",m2,380.50,"Regla de escala de la familia E06.06: precio = 95.00 + 1.1963 × (P.U. 2017 del modelo − 130.62), recta por dos anclas 2026 sin IVA: $95/m² para polipropileno económico (Sprint Plus, P.U. 2017 $130.62; respaldo: tabulador CDMX 2026-07 GH24BB 'alfombra modelo Sprint con bajo alfombra' $228.66/m² ⇒ alfombra ≈$90-100/m²; alfombras de uso rudo desde $150/m² con IVA, alfombrasypisosdf.com) y $600/m² para poliéster premium (Magnificent SB, P.U. 2017 $552.76; alfombra Luxor gama alta $450-800/m² solo material, analisisdepreciosunitarios.com 2025). Equivale a repartir los modelos en proporción a (P.U. 2017 − 51.2), la parte del P.U. 2017 que no es alfombra; este modelo: P.U. 2017 $369.12 ⇒ $380.50/m²",2026-09,referencia
ALF-TER-PARKSVILLE,"Alfombra Tersa Parksville, Nylon Rizo (rollo; equivalente de gama 2026)",m2,293.50,"Regla de escala de la familia E06.06: precio = 95.00 + 1.1963 × (P.U. 2017 del modelo − 130.62), recta por dos anclas 2026 sin IVA: $95/m² para polipropileno económico (Sprint Plus, P.U. 2017 $130.62; respaldo: tabulador CDMX 2026-07 GH24BB 'alfombra modelo Sprint con bajo alfombra' $228.66/m² ⇒ alfombra ≈$90-100/m²; alfombras de uso rudo desde $150/m² con IVA, alfombrasypisosdf.com) y $600/m² para poliéster premium (Magnificent SB, P.U. 2017 $552.76; alfombra Luxor gama alta $450-800/m² solo material, analisisdepreciosunitarios.com 2025). Equivale a repartir los modelos en proporción a (P.U. 2017 − 51.2), la parte del P.U. 2017 que no es alfombra; este modelo: P.U. 2017 $296.69 ⇒ $293.50/m²",2026-09,referencia
ALF-TER-PASTO-I,"Alfombra Tersa Pasto I, Polipropileno (rollo; equivalente de gama 2026)",m2,96.50,"Regla de escala de la familia E06.06: precio = 95.00 + 1.1963 × (P.U. 2017 del modelo − 130.62), recta por dos anclas 2026 sin IVA: $95/m² para polipropileno económico (Sprint Plus, P.U. 2017 $130.62; respaldo: tabulador CDMX 2026-07 GH24BB 'alfombra modelo Sprint con bajo alfombra' $228.66/m² ⇒ alfombra ≈$90-100/m²; alfombras de uso rudo desde $150/m² con IVA, alfombrasypisosdf.com) y $600/m² para poliéster premium (Magnificent SB, P.U. 2017 $552.76; alfombra Luxor gama alta $450-800/m² solo material, analisisdepreciosunitarios.com 2025). Equivale a repartir los modelos en proporción a (P.U. 2017 − 51.2), la parte del P.U. 2017 que no es alfombra; este modelo: P.U. 2017 $131.91 ⇒ $96.50/m²",2026-09,referencia
ALF-TER-PASTO-II,"Alfombra Tersa Pasto II, Polipropileno (rollo; equivalente de gama 2026)",m2,140.00,"Regla de escala de la familia E06.06: precio = 95.00 + 1.1963 × (P.U. 2017 del modelo − 130.62), recta por dos anclas 2026 sin IVA: $95/m² para polipropileno económico (Sprint Plus, P.U. 2017 $130.62; respaldo: tabulador CDMX 2026-07 GH24BB 'alfombra modelo Sprint con bajo alfombra' $228.66/m² ⇒ alfombra ≈$90-100/m²; alfombras de uso rudo desde $150/m² con IVA, alfombrasypisosdf.com) y $600/m² para poliéster premium (Magnificent SB, P.U. 2017 $552.76; alfombra Luxor gama alta $450-800/m² solo material, analisisdepreciosunitarios.com 2025). Equivale a repartir los modelos en proporción a (P.U. 2017 − 51.2), la parte del P.U. 2017 que no es alfombra; este modelo: P.U. 2017 $168.12 ⇒ $140.00/m²",2026-09,referencia
ALF-TER-PASTO-II-AZUL,"Alfombra Tersa Pasto II Azul, Polipropileno (rollo; equivalente de gama 2026)",m2,147.50,"Regla de escala de la familia E06.06: precio = 95.00 + 1.1963 × (P.U. 2017 del modelo − 130.62), recta por dos anclas 2026 sin IVA: $95/m² para polipropileno económico (Sprint Plus, P.U. 2017 $130.62; respaldo: tabulador CDMX 2026-07 GH24BB 'alfombra modelo Sprint con bajo alfombra' $228.66/m² ⇒ alfombra ≈$90-100/m²; alfombras de uso rudo desde $150/m² con IVA, alfombrasypisosdf.com) y $600/m² para poliéster premium (Magnificent SB, P.U. 2017 $552.76; alfombra Luxor gama alta $450-800/m² solo material, analisisdepreciosunitarios.com 2025). Equivale a repartir los modelos en proporción a (P.U. 2017 − 51.2), la parte del P.U. 2017 que no es alfombra; este modelo: P.U. 2017 $174.59 ⇒ $147.50/m²",2026-09,referencia
ALF-TER-RHOMBUS,"Alfombra Tersa Rhombus, Polipropileno Graphics (rollo; equivalente de gama 2026)",m2,147.50,"Regla de escala de la familia E06.06: precio = 95.00 + 1.1963 × (P.U. 2017 del modelo − 130.62), recta por dos anclas 2026 sin IVA: $95/m² para polipropileno económico (Sprint Plus, P.U. 2017 $130.62; respaldo: tabulador CDMX 2026-07 GH24BB 'alfombra modelo Sprint con bajo alfombra' $228.66/m² ⇒ alfombra ≈$90-100/m²; alfombras de uso rudo desde $150/m² con IVA, alfombrasypisosdf.com) y $600/m² para poliéster premium (Magnificent SB, P.U. 2017 $552.76; alfombra Luxor gama alta $450-800/m² solo material, analisisdepreciosunitarios.com 2025). Equivale a repartir los modelos en proporción a (P.U. 2017 − 51.2), la parte del P.U. 2017 que no es alfombra; este modelo: P.U. 2017 $174.59 ⇒ $147.50/m²",2026-09,referencia
ALF-TER-RUSTIC,"Alfombra Tersa Rustic, Poliester frieze (rollo; equivalente de gama 2026)",m2,317.00,"Regla de escala de la familia E06.06: precio = 95.00 + 1.1963 × (P.U. 2017 del modelo − 130.62), recta por dos anclas 2026 sin IVA: $95/m² para polipropileno económico (Sprint Plus, P.U. 2017 $130.62; respaldo: tabulador CDMX 2026-07 GH24BB 'alfombra modelo Sprint con bajo alfombra' $228.66/m² ⇒ alfombra ≈$90-100/m²; alfombras de uso rudo desde $150/m² con IVA, alfombrasypisosdf.com) y $600/m² para poliéster premium (Magnificent SB, P.U. 2017 $552.76; alfombra Luxor gama alta $450-800/m² solo material, analisisdepreciosunitarios.com 2025). Equivale a repartir los modelos en proporción a (P.U. 2017 − 51.2), la parte del P.U. 2017 que no es alfombra; este modelo: P.U. 2017 $316.09 ⇒ $317.00/m²",2026-09,referencia
ALF-TER-SANTA-FE,"Alfombra Tersa Santa Fé, Polipropileno. (Berber) (rollo; equivalente de gama 2026)",m2,140.00,"Regla de escala de la familia E06.06: precio = 95.00 + 1.1963 × (P.U. 2017 del modelo − 130.62), recta por dos anclas 2026 sin IVA: $95/m² para polipropileno económico (Sprint Plus, P.U. 2017 $130.62; respaldo: tabulador CDMX 2026-07 GH24BB 'alfombra modelo Sprint con bajo alfombra' $228.66/m² ⇒ alfombra ≈$90-100/m²; alfombras de uso rudo desde $150/m² con IVA, alfombrasypisosdf.com) y $600/m² para poliéster premium (Magnificent SB, P.U. 2017 $552.76; alfombra Luxor gama alta $450-800/m² solo material, analisisdepreciosunitarios.com 2025). Equivale a repartir los modelos en proporción a (P.U. 2017 − 51.2), la parte del P.U. 2017 que no es alfombra; este modelo: P.U. 2017 $168.12 ⇒ $140.00/m²",2026-09,referencia
ALF-TER-STA-MONICA,"Alfombra Tersa Sta Monica, Poliester rasurado (rollo; equivalente de gama 2026)",m2,279.50,"Regla de escala de la familia E06.06: precio = 95.00 + 1.1963 × (P.U. 2017 del modelo − 130.62), recta por dos anclas 2026 sin IVA: $95/m² para polipropileno económico (Sprint Plus, P.U. 2017 $130.62; respaldo: tabulador CDMX 2026-07 GH24BB 'alfombra modelo Sprint con bajo alfombra' $228.66/m² ⇒ alfombra ≈$90-100/m²; alfombras de uso rudo desde $150/m² con IVA, alfombrasypisosdf.com) y $600/m² para poliéster premium (Magnificent SB, P.U. 2017 $552.76; alfombra Luxor gama alta $450-800/m² solo material, analisisdepreciosunitarios.com 2025). Equivale a repartir los modelos en proporción a (P.U. 2017 − 51.2), la parte del P.U. 2017 que no es alfombra; este modelo: P.U. 2017 $285.05 ⇒ $279.50/m²",2026-09,referencia
ALF-TER-STRATEGY,"Alfombra Tersa Strategy, Polipropileno Graphics (rollo; equivalente de gama 2026)",m2,147.50,"Regla de escala de la familia E06.06: precio = 95.00 + 1.1963 × (P.U. 2017 del modelo − 130.62), recta por dos anclas 2026 sin IVA: $95/m² para polipropileno económico (Sprint Plus, P.U. 2017 $130.62; respaldo: tabulador CDMX 2026-07 GH24BB 'alfombra modelo Sprint con bajo alfombra' $228.66/m² ⇒ alfombra ≈$90-100/m²; alfombras de uso rudo desde $150/m² con IVA, alfombrasypisosdf.com) y $600/m² para poliéster premium (Magnificent SB, P.U. 2017 $552.76; alfombra Luxor gama alta $450-800/m² solo material, analisisdepreciosunitarios.com 2025). Equivale a repartir los modelos en proporción a (P.U. 2017 − 51.2), la parte del P.U. 2017 que no es alfombra; este modelo: P.U. 2017 $174.59 ⇒ $147.50/m²",2026-09,referencia
ALF-TER-STRIPES,"Alfombra Tersa Stripes, Polipropileno Graphics (rollo; equivalente de gama 2026)",m2,175.50,"Regla de escala de la familia E06.06: precio = 95.00 + 1.1963 × (P.U. 2017 del modelo − 130.62), recta por dos anclas 2026 sin IVA: $95/m² para polipropileno económico (Sprint Plus, P.U. 2017 $130.62; respaldo: tabulador CDMX 2026-07 GH24BB 'alfombra modelo Sprint con bajo alfombra' $228.66/m² ⇒ alfombra ≈$90-100/m²; alfombras de uso rudo desde $150/m² con IVA, alfombrasypisosdf.com) y $600/m² para poliéster premium (Magnificent SB, P.U. 2017 $552.76; alfombra Luxor gama alta $450-800/m² solo material, analisisdepreciosunitarios.com 2025). Equivale a repartir los modelos en proporción a (P.U. 2017 − 51.2), la parte del P.U. 2017 que no es alfombra; este modelo: P.U. 2017 $197.86 ⇒ $175.50/m²",2026-09,referencia
ALF-TER-SUPRA,"Alfombra Tersa Supra, 50% PP.,50% Naylon (rollo; equivalente de gama 2026)",m2,209.50,"Regla de escala de la familia E06.06: precio = 95.00 + 1.1963 × (P.U. 2017 del modelo − 130.62), recta por dos anclas 2026 sin IVA: $95/m² para polipropileno económico (Sprint Plus, P.U. 2017 $130.62; respaldo: tabulador CDMX 2026-07 GH24BB 'alfombra modelo Sprint con bajo alfombra' $228.66/m² ⇒ alfombra ≈$90-100/m²; alfombras de uso rudo desde $150/m² con IVA, alfombrasypisosdf.com) y $600/m² para poliéster premium (Magnificent SB, P.U. 2017 $552.76; alfombra Luxor gama alta $450-800/m² solo material, analisisdepreciosunitarios.com 2025). Equivale a repartir los modelos en proporción a (P.U. 2017 − 51.2), la parte del P.U. 2017 que no es alfombra; este modelo: P.U. 2017 $226.31 ⇒ $209.50/m²",2026-09,referencia
ALF-TER-WEBSITE,"Alfombra Tersa Website, Polipropileno Graphics (rollo; equivalente de gama 2026)",m2,253.50,"Regla de escala de la familia E06.06: precio = 95.00 + 1.1963 × (P.U. 2017 del modelo − 130.62), recta por dos anclas 2026 sin IVA: $95/m² para polipropileno económico (Sprint Plus, P.U. 2017 $130.62; respaldo: tabulador CDMX 2026-07 GH24BB 'alfombra modelo Sprint con bajo alfombra' $228.66/m² ⇒ alfombra ≈$90-100/m²; alfombras de uso rudo desde $150/m² con IVA, alfombrasypisosdf.com) y $600/m² para poliéster premium (Magnificent SB, P.U. 2017 $552.76; alfombra Luxor gama alta $450-800/m² solo material, analisisdepreciosunitarios.com 2025). Equivale a repartir los modelos en proporción a (P.U. 2017 − 51.2), la parte del P.U. 2017 que no es alfombra; este modelo: P.U. 2017 $263.08 ⇒ $253.50/m²",2026-09,referencia
ALF-TER-WORLD-CUP,"Alfombra Tersa World cup, Pasto uv resistant (rollo; equivalente de gama 2026)",m2,286.00,"Regla de escala de la familia E06.06: precio = 95.00 + 1.1963 × (P.U. 2017 del modelo − 130.62), recta por dos anclas 2026 sin IVA: $95/m² para polipropileno económico (Sprint Plus, P.U. 2017 $130.62; respaldo: tabulador CDMX 2026-07 GH24BB 'alfombra modelo Sprint con bajo alfombra' $228.66/m² ⇒ alfombra ≈$90-100/m²; alfombras de uso rudo desde $150/m² con IVA, alfombrasypisosdf.com) y $600/m² para poliéster premium (Magnificent SB, P.U. 2017 $552.76; alfombra Luxor gama alta $450-800/m² solo material, analisisdepreciosunitarios.com 2025). Equivale a repartir los modelos en proporción a (P.U. 2017 − 51.2), la parte del P.U. 2017 que no es alfombra; este modelo: P.U. 2017 $290.22 ⇒ $286.00/m²",2026-09,referencia
ALF-TER-XCARET-SB,"Alfombra Tersa Xcaret SB, Naylon berber (rollo; equivalente de gama 2026)",m2,525.50,"Regla de escala de la familia E06.06: precio = 95.00 + 1.1963 × (P.U. 2017 del modelo − 130.62), recta por dos anclas 2026 sin IVA: $95/m² para polipropileno económico (Sprint Plus, P.U. 2017 $130.62; respaldo: tabulador CDMX 2026-07 GH24BB 'alfombra modelo Sprint con bajo alfombra' $228.66/m² ⇒ alfombra ≈$90-100/m²; alfombras de uso rudo desde $150/m² con IVA, alfombrasypisosdf.com) y $600/m² para poliéster premium (Magnificent SB, P.U. 2017 $552.76; alfombra Luxor gama alta $450-800/m² solo material, analisisdepreciosunitarios.com 2025). Equivale a repartir los modelos en proporción a (P.U. 2017 − 51.2), la parte del P.U. 2017 que no es alfombra; este modelo: P.U. 2017 $490.67 ⇒ $525.50/m²",2026-09,referencia
ALF-TAM-AUTHORITY-BEAULIEU,"Alfombra Tamsa Authority (Beaulieu), Nylon Rasurada (rollo; equivalente de gama 2026)",m2,411.50,"Regla de escala de la familia E06.06: precio = 95.00 + 1.1963 × (P.U. 2017 del modelo − 130.62), recta por dos anclas 2026 sin IVA: $95/m² para polipropileno económico (Sprint Plus, P.U. 2017 $130.62; respaldo: tabulador CDMX 2026-07 GH24BB 'alfombra modelo Sprint con bajo alfombra' $228.66/m² ⇒ alfombra ≈$90-100/m²; alfombras de uso rudo desde $150/m² con IVA, alfombrasypisosdf.com) y $600/m² para poliéster premium (Magnificent SB, P.U. 2017 $552.76; alfombra Luxor gama alta $450-800/m² solo material, analisisdepreciosunitarios.com 2025). Equivale a repartir los modelos en proporción a (P.U. 2017 − 51.2), la parte del P.U. 2017 que no es alfombra; este modelo: P.U. 2017 $394.98 ⇒ $411.50/m²",2026-09,referencia
ALF-TAM-CANASTA-BEAULIEU,"Alfombra Tamsa Canasta (Beaulieu), 79%pp 21%Nay. Grafica (rollo; equivalente de gama 2026)",m2,201.50,"Regla de escala de la familia E06.06: precio = 95.00 + 1.1963 × (P.U. 2017 del modelo − 130.62), recta por dos anclas 2026 sin IVA: $95/m² para polipropileno económico (Sprint Plus, P.U. 2017 $130.62; respaldo: tabulador CDMX 2026-07 GH24BB 'alfombra modelo Sprint con bajo alfombra' $228.66/m² ⇒ alfombra ≈$90-100/m²; alfombras de uso rudo desde $150/m² con IVA, alfombrasypisosdf.com) y $600/m² para poliéster premium (Magnificent SB, P.U. 2017 $552.76; alfombra Luxor gama alta $450-800/m² solo material, analisisdepreciosunitarios.com 2025). Equivale a repartir los modelos en proporción a (P.U. 2017 − 51.2), la parte del P.U. 2017 que no es alfombra; este modelo: P.U. 2017 $219.85 ⇒ $201.50/m²",2026-09,referencia
ALF-TAM-CASPER-BEAULIEU,"Alfombra Tamsa Casper (Beaulieu), 91%pp 9%Nay. Berber (rollo; equivalente de gama 2026)",m2,315.50,"Regla de escala de la familia E06.06: precio = 95.00 + 1.1963 × (P.U. 2017 del modelo − 130.62), recta por dos anclas 2026 sin IVA: $95/m² para polipropileno económico (Sprint Plus, P.U. 2017 $130.62; respaldo: tabulador CDMX 2026-07 GH24BB 'alfombra modelo Sprint con bajo alfombra' $228.66/m² ⇒ alfombra ≈$90-100/m²; alfombras de uso rudo desde $150/m² con IVA, alfombrasypisosdf.com) y $600/m² para poliéster premium (Magnificent SB, P.U. 2017 $552.76; alfombra Luxor gama alta $450-800/m² solo material, analisisdepreciosunitarios.com 2025). Equivale a repartir los modelos en proporción a (P.U. 2017 − 51.2), la parte del P.U. 2017 que no es alfombra; este modelo: P.U. 2017 $314.79 ⇒ $315.50/m²",2026-09,referencia
ALF-TAM-CITY-PLAZA-BEAULIEU,"Alfombra Tamsa City Plaza (Beaulieu), Nylon Rasurada (rollo; equivalente de gama 2026)",m2,249.00,"Regla de escala de la familia E06.06: precio = 95.00 + 1.1963 × (P.U. 2017 del modelo − 130.62), recta por dos anclas 2026 sin IVA: $95/m² para polipropileno económico (Sprint Plus, P.U. 2017 $130.62; respaldo: tabulador CDMX 2026-07 GH24BB 'alfombra modelo Sprint con bajo alfombra' $228.66/m² ⇒ alfombra ≈$90-100/m²; alfombras de uso rudo desde $150/m² con IVA, alfombrasypisosdf.com) y $600/m² para poliéster premium (Magnificent SB, P.U. 2017 $552.76; alfombra Luxor gama alta $450-800/m² solo material, analisisdepreciosunitarios.com 2025). Equivale a repartir los modelos en proporción a (P.U. 2017 − 51.2), la parte del P.U. 2017 que no es alfombra; este modelo: P.U. 2017 $259.19 ⇒ $249.00/m²",2026-09,referencia
ALF-TAM-COLOSO,"Alfombra Tamsa Coloso, Polipropileno Nudo (rollo; equivalente de gama 2026)",m2,96.50,"Regla de escala de la familia E06.06: precio = 95.00 + 1.1963 × (P.U. 2017 del modelo − 130.62), recta por dos anclas 2026 sin IVA: $95/m² para polipropileno económico (Sprint Plus, P.U. 2017 $130.62; respaldo: tabulador CDMX 2026-07 GH24BB 'alfombra modelo Sprint con bajo alfombra' $228.66/m² ⇒ alfombra ≈$90-100/m²; alfombras de uso rudo desde $150/m² con IVA, alfombrasypisosdf.com) y $600/m² para poliéster premium (Magnificent SB, P.U. 2017 $552.76; alfombra Luxor gama alta $450-800/m² solo material, analisisdepreciosunitarios.com 2025). Equivale a repartir los modelos en proporción a (P.U. 2017 − 51.2), la parte del P.U. 2017 que no es alfombra; este modelo: P.U. 2017 $131.91 ⇒ $96.50/m²",2026-09,referencia
ALF-TAM-EMPERATRIZ,"Alfombra Tamsa Emperatríz, Poliester Rasurada (rollo; equivalente de gama 2026)",m2,147.50,"Regla de escala de la familia E06.06: precio = 95.00 + 1.1963 × (P.U. 2017 del modelo − 130.62), recta por dos anclas 2026 sin IVA: $95/m² para polipropileno económico (Sprint Plus, P.U. 2017 $130.62; respaldo: tabulador CDMX 2026-07 GH24BB 'alfombra modelo Sprint con bajo alfombra' $228.66/m² ⇒ alfombra ≈$90-100/m²; alfombras de uso rudo desde $150/m² con IVA, alfombrasypisosdf.com) y $600/m² para poliéster premium (Magnificent SB, P.U. 2017 $552.76; alfombra Luxor gama alta $450-800/m² solo material, analisisdepreciosunitarios.com 2025). Equivale a repartir los modelos en proporción a (P.U. 2017 − 51.2), la parte del P.U. 2017 que no es alfombra; este modelo: P.U. 2017 $174.59 ⇒ $147.50/m²",2026-09,referencia
ALF-TAM-HIGH-ROLLER-BEAULIEU,"Alfombra Tamsa High Roller (Beaulieu), 90%pp 10%Nay. Berber (rollo; equivalente de gama 2026)",m2,236.50,"Regla de escala de la familia E06.06: precio = 95.00 + 1.1963 × (P.U. 2017 del modelo − 130.62), recta por dos anclas 2026 sin IVA: $95/m² para polipropileno económico (Sprint Plus, P.U. 2017 $130.62; respaldo: tabulador CDMX 2026-07 GH24BB 'alfombra modelo Sprint con bajo alfombra' $228.66/m² ⇒ alfombra ≈$90-100/m²; alfombras de uso rudo desde $150/m² con IVA, alfombrasypisosdf.com) y $600/m² para poliéster premium (Magnificent SB, P.U. 2017 $552.76; alfombra Luxor gama alta $450-800/m² solo material, analisisdepreciosunitarios.com 2025). Equivale a repartir los modelos en proporción a (P.U. 2017 − 51.2), la parte del P.U. 2017 que no es alfombra; este modelo: P.U. 2017 $248.85 ⇒ $236.50/m²",2026-09,referencia
ALF-TAM-HIGH-SOCIETY,"Alfombra Tamsa High Society, 100% Polipr. Berber (rollo; equivalente de gama 2026)",m2,161.50,"Regla de escala de la familia E06.06: precio = 95.00 + 1.1963 × (P.U. 2017 del modelo − 130.62), recta por dos anclas 2026 sin IVA: $95/m² para polipropileno económico (Sprint Plus, P.U. 2017 $130.62; respaldo: tabulador CDMX 2026-07 GH24BB 'alfombra modelo Sprint con bajo alfombra' $228.66/m² ⇒ alfombra ≈$90-100/m²; alfombras de uso rudo desde $150/m² con IVA, alfombrasypisosdf.com) y $600/m² para poliéster premium (Magnificent SB, P.U. 2017 $552.76; alfombra Luxor gama alta $450-800/m² solo material, analisisdepreciosunitarios.com 2025). Equivale a repartir los modelos en proporción a (P.U. 2017 − 51.2), la parte del P.U. 2017 que no es alfombra; este modelo: P.U. 2017 $186.24 ⇒ $161.50/m²",2026-09,referencia
ALF-TAM-KID-PROOF-950,"Alfombra Tamsa Kid Proof 950, Polipropileno Rasurada (rollo; equivalente de gama 2026)",m2,178.50,"Regla de escala de la familia E06.06: precio = 95.00 + 1.1963 × (P.U. 2017 del modelo − 130.62), recta por dos anclas 2026 sin IVA: $95/m² para polipropileno económico (Sprint Plus, P.U. 2017 $130.62; respaldo: tabulador CDMX 2026-07 GH24BB 'alfombra modelo Sprint con bajo alfombra' $228.66/m² ⇒ alfombra ≈$90-100/m²; alfombras de uso rudo desde $150/m² con IVA, alfombrasypisosdf.com) y $600/m² para poliéster premium (Magnificent SB, P.U. 2017 $552.76; alfombra Luxor gama alta $450-800/m² solo material, analisisdepreciosunitarios.com 2025). Equivale a repartir los modelos en proporción a (P.U. 2017 − 51.2), la parte del P.U. 2017 que no es alfombra; este modelo: P.U. 2017 $200.46 ⇒ $178.50/m²",2026-09,referencia
ALF-TAM-NEW-GRAPHICS,"Alfombra Tamsa New Graphics, Polipropileno Grafica (rollo; equivalente de gama 2026)",m2,129.00,"Regla de escala de la familia E06.06: precio = 95.00 + 1.1963 × (P.U. 2017 del modelo − 130.62), recta por dos anclas 2026 sin IVA: $95/m² para polipropileno económico (Sprint Plus, P.U. 2017 $130.62; respaldo: tabulador CDMX 2026-07 GH24BB 'alfombra modelo Sprint con bajo alfombra' $228.66/m² ⇒ alfombra ≈$90-100/m²; alfombras de uso rudo desde $150/m² con IVA, alfombrasypisosdf.com) y $600/m² para poliéster premium (Magnificent SB, P.U. 2017 $552.76; alfombra Luxor gama alta $450-800/m² solo material, analisisdepreciosunitarios.com 2025). Equivale a repartir los modelos en proporción a (P.U. 2017 − 51.2), la parte del P.U. 2017 que no es alfombra; este modelo: P.U. 2017 $159.07 ⇒ $129.00/m²",2026-09,referencia
ALF-TAM-PASILLO-ROYAL-70-CMS-A,"Alfombra Tamsa Pasillo Royal .70 cms ancho, Polipropileno Nudo (rollo; equivalente de gama 2026)",m2,93.50,"Regla de escala de la familia E06.06: precio = 95.00 + 1.1963 × (P.U. 2017 del modelo − 130.62), recta por dos anclas 2026 sin IVA: $95/m² para polipropileno económico (Sprint Plus, P.U. 2017 $130.62; respaldo: tabulador CDMX 2026-07 GH24BB 'alfombra modelo Sprint con bajo alfombra' $228.66/m² ⇒ alfombra ≈$90-100/m²; alfombras de uso rudo desde $150/m² con IVA, alfombrasypisosdf.com) y $600/m² para poliéster premium (Magnificent SB, P.U. 2017 $552.76; alfombra Luxor gama alta $450-800/m² solo material, analisisdepreciosunitarios.com 2025). Equivale a repartir los modelos en proporción a (P.U. 2017 − 51.2), la parte del P.U. 2017 que no es alfombra; este modelo: P.U. 2017 $129.33 ⇒ $93.50/m²",2026-09,referencia
ALF-TAM-PASTO-BENT-AHULADO,"Alfombra Tamsa Pasto Bent ahulado, Polipropileno Cut pile (rollo; equivalente de gama 2026)",m2,99.50,"Regla de escala de la familia E06.06: precio = 95.00 + 1.1963 × (P.U. 2017 del modelo − 130.62), recta por dos anclas 2026 sin IVA: $95/m² para polipropileno económico (Sprint Plus, P.U. 2017 $130.62; respaldo: tabulador CDMX 2026-07 GH24BB 'alfombra modelo Sprint con bajo alfombra' $228.66/m² ⇒ alfombra ≈$90-100/m²; alfombras de uso rudo desde $150/m² con IVA, alfombrasypisosdf.com) y $600/m² para poliéster premium (Magnificent SB, P.U. 2017 $552.76; alfombra Luxor gama alta $450-800/m² solo material, analisisdepreciosunitarios.com 2025). Equivale a repartir los modelos en proporción a (P.U. 2017 − 51.2), la parte del P.U. 2017 que no es alfombra; este modelo: P.U. 2017 $134.50 ⇒ $99.50/m²",2026-09,referencia
ALF-TAM-PASTO-BENT-DOBLE-BASE,"Alfombra Tamsa Pasto Bent doble base, Polipropileno Cut pile (rollo; equivalente de gama 2026)",m2,104.50,"Regla de escala de la familia E06.06: precio = 95.00 + 1.1963 × (P.U. 2017 del modelo − 130.62), recta por dos anclas 2026 sin IVA: $95/m² para polipropileno económico (Sprint Plus, P.U. 2017 $130.62; respaldo: tabulador CDMX 2026-07 GH24BB 'alfombra modelo Sprint con bajo alfombra' $228.66/m² ⇒ alfombra ≈$90-100/m²; alfombras de uso rudo desde $150/m² con IVA, alfombrasypisosdf.com) y $600/m² para poliéster premium (Magnificent SB, P.U. 2017 $552.76; alfombra Luxor gama alta $450-800/m² solo material, analisisdepreciosunitarios.com 2025). Equivale a repartir los modelos en proporción a (P.U. 2017 − 51.2), la parte del P.U. 2017 que no es alfombra; este modelo: P.U. 2017 $138.37 ⇒ $104.50/m²",2026-09,referencia
ALF-TAM-PASTO-BERMUDA-AHULADO,"Alfombra Tamsa Pasto Bermuda ahulado, Polipropileno Cut pile (rollo; equivalente de gama 2026)",m2,124.50,"Regla de escala de la familia E06.06: precio = 95.00 + 1.1963 × (P.U. 2017 del modelo − 130.62), recta por dos anclas 2026 sin IVA: $95/m² para polipropileno económico (Sprint Plus, P.U. 2017 $130.62; respaldo: tabulador CDMX 2026-07 GH24BB 'alfombra modelo Sprint con bajo alfombra' $228.66/m² ⇒ alfombra ≈$90-100/m²; alfombras de uso rudo desde $150/m² con IVA, alfombrasypisosdf.com) y $600/m² para poliéster premium (Magnificent SB, P.U. 2017 $552.76; alfombra Luxor gama alta $450-800/m² solo material, analisisdepreciosunitarios.com 2025). Equivale a repartir los modelos en proporción a (P.U. 2017 − 51.2), la parte del P.U. 2017 que no es alfombra; este modelo: P.U. 2017 $155.19 ⇒ $124.50/m²",2026-09,referencia
ALF-TAM-PASTO-BERMUDA-DOBLE-BA,"Alfombra Tamsa Pasto Bermuda doble base, Polipropileno Cut pile (rollo; equivalente de gama 2026)",m2,130.50,"Regla de escala de la familia E06.06: precio = 95.00 + 1.1963 × (P.U. 2017 del modelo − 130.62), recta por dos anclas 2026 sin IVA: $95/m² para polipropileno económico (Sprint Plus, P.U. 2017 $130.62; respaldo: tabulador CDMX 2026-07 GH24BB 'alfombra modelo Sprint con bajo alfombra' $228.66/m² ⇒ alfombra ≈$90-100/m²; alfombras de uso rudo desde $150/m² con IVA, alfombrasypisosdf.com) y $600/m² para poliéster premium (Magnificent SB, P.U. 2017 $552.76; alfombra Luxor gama alta $450-800/m² solo material, analisisdepreciosunitarios.com 2025). Equivale a repartir los modelos en proporción a (P.U. 2017 − 51.2), la parte del P.U. 2017 que no es alfombra; este modelo: P.U. 2017 $160.36 ⇒ $130.50/m²",2026-09,referencia
ALF-TAM-PASTO-BERMUDA-PLUS-AHU,"Alfombra Tamsa Pasto Bermuda Plus Ahulado, Polipropileno Cut pile (rollo; equivalente de gama 2026)",m2,152.00,"Regla de escala de la familia E06.06: precio = 95.00 + 1.1963 × (P.U. 2017 del modelo − 130.62), recta por dos anclas 2026 sin IVA: $95/m² para polipropileno económico (Sprint Plus, P.U. 2017 $130.62; respaldo: tabulador CDMX 2026-07 GH24BB 'alfombra modelo Sprint con bajo alfombra' $228.66/m² ⇒ alfombra ≈$90-100/m²; alfombras de uso rudo desde $150/m² con IVA, alfombrasypisosdf.com) y $600/m² para poliéster premium (Magnificent SB, P.U. 2017 $552.76; alfombra Luxor gama alta $450-800/m² solo material, analisisdepreciosunitarios.com 2025). Equivale a repartir los modelos en proporción a (P.U. 2017 − 51.2), la parte del P.U. 2017 que no es alfombra; este modelo: P.U. 2017 $178.47 ⇒ $152.00/m²",2026-09,referencia
ALF-TAM-PASTO-BERMUDA-PLUS-DOB,"Alfombra Tamsa Pasto Bermuda plus doble base, Polipropileno Cut pile (rollo; equivalente de gama 2026)",m2,161.50,"Regla de escala de la familia E06.06: precio = 95.00 + 1.1963 × (P.U. 2017 del modelo − 130.62), recta por dos anclas 2026 sin IVA: $95/m² para polipropileno económico (Sprint Plus, P.U. 2017 $130.62; respaldo: tabulador CDMX 2026-07 GH24BB 'alfombra modelo Sprint con bajo alfombra' $228.66/m² ⇒ alfombra ≈$90-100/m²; alfombras de uso rudo desde $150/m² con IVA, alfombrasypisosdf.com) y $600/m² para poliéster premium (Magnificent SB, P.U. 2017 $552.76; alfombra Luxor gama alta $450-800/m² solo material, analisisdepreciosunitarios.com 2025). Equivale a repartir los modelos en proporción a (P.U. 2017 − 51.2), la parte del P.U. 2017 que no es alfombra; este modelo: P.U. 2017 $186.24 ⇒ $161.50/m²",2026-09,referencia
ALF-TAM-PASTO-CARIBEAM-BLUE,"Alfombra Tamsa Pasto Caribeam Blue, Polipropileno Cut pile (rollo; equivalente de gama 2026)",m2,143.00,"Regla de escala de la familia E06.06: precio = 95.00 + 1.1963 × (P.U. 2017 del modelo − 130.62), recta por dos anclas 2026 sin IVA: $95/m² para polipropileno económico (Sprint Plus, P.U. 2017 $130.62; respaldo: tabulador CDMX 2026-07 GH24BB 'alfombra modelo Sprint con bajo alfombra' $228.66/m² ⇒ alfombra ≈$90-100/m²; alfombras de uso rudo desde $150/m² con IVA, alfombrasypisosdf.com) y $600/m² para poliéster premium (Magnificent SB, P.U. 2017 $552.76; alfombra Luxor gama alta $450-800/m² solo material, analisisdepreciosunitarios.com 2025). Equivale a repartir los modelos en proporción a (P.U. 2017 − 51.2), la parte del P.U. 2017 que no es alfombra; este modelo: P.U. 2017 $170.70 ⇒ $143.00/m²",2026-09,referencia
ALF-TAM-PASTO-DUNE-D-BASE,"Alfombra Tamsa Pasto Dune d/base, Polipropileno Cut pile (rollo; equivalente de gama 2026)",m2,143.00,"Regla de escala de la familia E06.06: precio = 95.00 + 1.1963 × (P.U. 2017 del modelo − 130.62), recta por dos anclas 2026 sin IVA: $95/m² para polipropileno económico (Sprint Plus, P.U. 2017 $130.62; respaldo: tabulador CDMX 2026-07 GH24BB 'alfombra modelo Sprint con bajo alfombra' $228.66/m² ⇒ alfombra ≈$90-100/m²; alfombras de uso rudo desde $150/m² con IVA, alfombrasypisosdf.com) y $600/m² para poliéster premium (Magnificent SB, P.U. 2017 $552.76; alfombra Luxor gama alta $450-800/m² solo material, analisisdepreciosunitarios.com 2025). Equivale a repartir los modelos en proporción a (P.U. 2017 − 51.2), la parte del P.U. 2017 que no es alfombra; este modelo: P.U. 2017 $170.70 ⇒ $143.00/m²",2026-09,referencia
ALF-TAM-PASTO-RUGBY,"Alfombra Tamsa Pasto Rugby, 700 grs de Polipropileno Cut pile (rollo; equivalente de gama 2026)",m2,181.50,"Regla de escala de la familia E06.06: precio = 95.00 + 1.1963 × (P.U. 2017 del modelo − 130.62), recta por dos anclas 2026 sin IVA: $95/m² para polipropileno económico (Sprint Plus, P.U. 2017 $130.62; respaldo: tabulador CDMX 2026-07 GH24BB 'alfombra modelo Sprint con bajo alfombra' $228.66/m² ⇒ alfombra ≈$90-100/m²; alfombras de uso rudo desde $150/m² con IVA, alfombrasypisosdf.com) y $600/m² para poliéster premium (Magnificent SB, P.U. 2017 $552.76; alfombra Luxor gama alta $450-800/m² solo material, analisisdepreciosunitarios.com 2025). Equivale a repartir los modelos en proporción a (P.U. 2017 − 51.2), la parte del P.U. 2017 que no es alfombra; este modelo: P.U. 2017 $203.04 ⇒ $181.50/m²",2026-09,referencia
ALF-TAM-PASTO-SAFARI-DOBLE-BAS,"Alfombra Tamsa Pasto Safari Doble Base, Polipropileno Cut pile (rollo; equivalente de gama 2026)",m2,143.00,"Regla de escala de la familia E06.06: precio = 95.00 + 1.1963 × (P.U. 2017 del modelo − 130.62), recta por dos anclas 2026 sin IVA: $95/m² para polipropileno económico (Sprint Plus, P.U. 2017 $130.62; respaldo: tabulador CDMX 2026-07 GH24BB 'alfombra modelo Sprint con bajo alfombra' $228.66/m² ⇒ alfombra ≈$90-100/m²; alfombras de uso rudo desde $150/m² con IVA, alfombrasypisosdf.com) y $600/m² para poliéster premium (Magnificent SB, P.U. 2017 $552.76; alfombra Luxor gama alta $450-800/m² solo material, analisisdepreciosunitarios.com 2025). Equivale a repartir los modelos en proporción a (P.U. 2017 − 51.2), la parte del P.U. 2017 que no es alfombra; este modelo: P.U. 2017 $170.70 ⇒ $143.00/m²",2026-09,referencia
ALF-TAM-WINNER-AUTOMOTRIZ-AHUL,"Alfombra Tamsa Winner Automotriz ahulado, Poliester Rasurada (rollo; equivalente de gama 2026)",m2,96.50,"Regla de escala de la familia E06.06: precio = 95.00 + 1.1963 × (P.U. 2017 del modelo − 130.62), recta por dos anclas 2026 sin IVA: $95/m² para polipropileno económico (Sprint Plus, P.U. 2017 $130.62; respaldo: tabulador CDMX 2026-07 GH24BB 'alfombra modelo Sprint con bajo alfombra' $228.66/m² ⇒ alfombra ≈$90-100/m²; alfombras de uso rudo desde $150/m² con IVA, alfombrasypisosdf.com) y $600/m² para poliéster premium (Magnificent SB, P.U. 2017 $552.76; alfombra Luxor gama alta $450-800/m² solo material, analisisdepreciosunitarios.com 2025). Equivale a repartir los modelos en proporción a (P.U. 2017 − 51.2), la parte del P.U. 2017 que no es alfombra; este modelo: P.U. 2017 $131.91 ⇒ $96.50/m²",2026-09,referencia
ALF-TAM-WINNER-II,"Alfombra Tamsa Winner II, Poliester Rasurada (rollo; equivalente de gama 2026)",m2,87.50,"Regla de escala de la familia E06.06: precio = 95.00 + 1.1963 × (P.U. 2017 del modelo − 130.62), recta por dos anclas 2026 sin IVA: $95/m² para polipropileno económico (Sprint Plus, P.U. 2017 $130.62; respaldo: tabulador CDMX 2026-07 GH24BB 'alfombra modelo Sprint con bajo alfombra' $228.66/m² ⇒ alfombra ≈$90-100/m²; alfombras de uso rudo desde $150/m² con IVA, alfombrasypisosdf.com) y $600/m² para poliéster premium (Magnificent SB, P.U. 2017 $552.76; alfombra Luxor gama alta $450-800/m² solo material, analisisdepreciosunitarios.com 2025). Equivale a repartir los modelos en proporción a (P.U. 2017 − 51.2), la parte del P.U. 2017 que no es alfombra; este modelo: P.U. 2017 $124.15 ⇒ $87.50/m²",2026-09,referencia
ALF-TAM-WINNER-ULTRA,"Alfombra Tamsa Winner Ultra, Poliester Rasurada (rollo; equivalente de gama 2026)",m2,96.50,"Regla de escala de la familia E06.06: precio = 95.00 + 1.1963 × (P.U. 2017 del modelo − 130.62), recta por dos anclas 2026 sin IVA: $95/m² para polipropileno económico (Sprint Plus, P.U. 2017 $130.62; respaldo: tabulador CDMX 2026-07 GH24BB 'alfombra modelo Sprint con bajo alfombra' $228.66/m² ⇒ alfombra ≈$90-100/m²; alfombras de uso rudo desde $150/m² con IVA, alfombrasypisosdf.com) y $600/m² para poliéster premium (Magnificent SB, P.U. 2017 $552.76; alfombra Luxor gama alta $450-800/m² solo material, analisisdepreciosunitarios.com 2025). Equivale a repartir los modelos en proporción a (P.U. 2017 − 51.2), la parte del P.U. 2017 que no es alfombra; este modelo: P.U. 2017 $131.91 ⇒ $96.50/m²",2026-09,referencia
ALF-NOB-BELMONT,"Alfombra Nobilis Belmont, Poliester Rasurado (rollo; equivalente de gama 2026)",m2,188.00,"Regla de escala de la familia E06.06: precio = 95.00 + 1.1963 × (P.U. 2017 del modelo − 130.62), recta por dos anclas 2026 sin IVA: $95/m² para polipropileno económico (Sprint Plus, P.U. 2017 $130.62; respaldo: tabulador CDMX 2026-07 GH24BB 'alfombra modelo Sprint con bajo alfombra' $228.66/m² ⇒ alfombra ≈$90-100/m²; alfombras de uso rudo desde $150/m² con IVA, alfombrasypisosdf.com) y $600/m² para poliéster premium (Magnificent SB, P.U. 2017 $552.76; alfombra Luxor gama alta $450-800/m² solo material, analisisdepreciosunitarios.com 2025). Equivale a repartir los modelos en proporción a (P.U. 2017 − 51.2), la parte del P.U. 2017 que no es alfombra; este modelo: P.U. 2017 $208.21 ⇒ $188.00/m²",2026-09,referencia
ALF-NOB-CALGARY,"Alfombra Nobilis Calgary, Poliester Trackless (rollo; equivalente de gama 2026)",m2,269.00,"Regla de escala de la familia E06.06: precio = 95.00 + 1.1963 × (P.U. 2017 del modelo − 130.62), recta por dos anclas 2026 sin IVA: $95/m² para polipropileno económico (Sprint Plus, P.U. 2017 $130.62; respaldo: tabulador CDMX 2026-07 GH24BB 'alfombra modelo Sprint con bajo alfombra' $228.66/m² ⇒ alfombra ≈$90-100/m²; alfombras de uso rudo desde $150/m² con IVA, alfombrasypisosdf.com) y $600/m² para poliéster premium (Magnificent SB, P.U. 2017 $552.76; alfombra Luxor gama alta $450-800/m² solo material, analisisdepreciosunitarios.com 2025). Equivale a repartir los modelos en proporción a (P.U. 2017 − 51.2), la parte del P.U. 2017 que no es alfombra; este modelo: P.U. 2017 $275.99 ⇒ $269.00/m²",2026-09,referencia
ALF-NOB-CALIFORNIA-DREAM,"Alfombra Nobilis California Dream, Polipropileno Berber (rollo; equivalente de gama 2026)",m2,205.00,"Regla de escala de la familia E06.06: precio = 95.00 + 1.1963 × (P.U. 2017 del modelo − 130.62), recta por dos anclas 2026 sin IVA: $95/m² para polipropileno económico (Sprint Plus, P.U. 2017 $130.62; respaldo: tabulador CDMX 2026-07 GH24BB 'alfombra modelo Sprint con bajo alfombra' $228.66/m² ⇒ alfombra ≈$90-100/m²; alfombras de uso rudo desde $150/m² con IVA, alfombrasypisosdf.com) y $600/m² para poliéster premium (Magnificent SB, P.U. 2017 $552.76; alfombra Luxor gama alta $450-800/m² solo material, analisisdepreciosunitarios.com 2025). Equivale a repartir los modelos en proporción a (P.U. 2017 − 51.2), la parte del P.U. 2017 que no es alfombra; este modelo: P.U. 2017 $222.44 ⇒ $205.00/m²",2026-09,referencia
ALF-NOB-CASA-BLANCA,"Alfombra Nobilis Casa Blanca, Polipropileno Berber (rollo; equivalente de gama 2026)",m2,304.50,"Regla de escala de la familia E06.06: precio = 95.00 + 1.1963 × (P.U. 2017 del modelo − 130.62), recta por dos anclas 2026 sin IVA: $95/m² para polipropileno económico (Sprint Plus, P.U. 2017 $130.62; respaldo: tabulador CDMX 2026-07 GH24BB 'alfombra modelo Sprint con bajo alfombra' $228.66/m² ⇒ alfombra ≈$90-100/m²; alfombras de uso rudo desde $150/m² con IVA, alfombrasypisosdf.com) y $600/m² para poliéster premium (Magnificent SB, P.U. 2017 $552.76; alfombra Luxor gama alta $450-800/m² solo material, analisisdepreciosunitarios.com 2025). Equivale a repartir los modelos en proporción a (P.U. 2017 − 51.2), la parte del P.U. 2017 que no es alfombra; este modelo: P.U. 2017 $305.74 ⇒ $304.50/m²",2026-09,referencia
ALF-NOB-CATALYSTIC,"Alfombra Nobilis Catalystic, Polipropileno Rizo (rollo; equivalente de gama 2026)",m2,85.50,"Regla de escala de la familia E06.06: precio = 95.00 + 1.1963 × (P.U. 2017 del modelo − 130.62), recta por dos anclas 2026 sin IVA: $95/m² para polipropileno económico (Sprint Plus, P.U. 2017 $130.62; respaldo: tabulador CDMX 2026-07 GH24BB 'alfombra modelo Sprint con bajo alfombra' $228.66/m² ⇒ alfombra ≈$90-100/m²; alfombras de uso rudo desde $150/m² con IVA, alfombrasypisosdf.com) y $600/m² para poliéster premium (Magnificent SB, P.U. 2017 $552.76; alfombra Luxor gama alta $450-800/m² solo material, analisisdepreciosunitarios.com 2025). Equivale a repartir los modelos en proporción a (P.U. 2017 − 51.2), la parte del P.U. 2017 que no es alfombra; este modelo: P.U. 2017 $122.86 ⇒ $85.50/m²",2026-09,referencia
ALF-NOB-COLOR-MAGIC-II,"Alfombra Nobilis Color Magic II, Polipropileno Rizo (rollo; equivalente de gama 2026)",m2,120.00,"Regla de escala de la familia E06.06: precio = 95.00 + 1.1963 × (P.U. 2017 del modelo − 130.62), recta por dos anclas 2026 sin IVA: $95/m² para polipropileno económico (Sprint Plus, P.U. 2017 $130.62; respaldo: tabulador CDMX 2026-07 GH24BB 'alfombra modelo Sprint con bajo alfombra' $228.66/m² ⇒ alfombra ≈$90-100/m²; alfombras de uso rudo desde $150/m² con IVA, alfombrasypisosdf.com) y $600/m² para poliéster premium (Magnificent SB, P.U. 2017 $552.76; alfombra Luxor gama alta $450-800/m² solo material, analisisdepreciosunitarios.com 2025). Equivale a repartir los modelos en proporción a (P.U. 2017 − 51.2), la parte del P.U. 2017 que no es alfombra; este modelo: P.U. 2017 $151.31 ⇒ $120.00/m²",2026-09,referencia
ALF-NOB-COVENTRY,"Alfombra Nobilis Coventry, Polipropileno Berber (rollo; equivalente de gama 2026)",m2,161.50,"Regla de escala de la familia E06.06: precio = 95.00 + 1.1963 × (P.U. 2017 del modelo − 130.62), recta por dos anclas 2026 sin IVA: $95/m² para polipropileno económico (Sprint Plus, P.U. 2017 $130.62; respaldo: tabulador CDMX 2026-07 GH24BB 'alfombra modelo Sprint con bajo alfombra' $228.66/m² ⇒ alfombra ≈$90-100/m²; alfombras de uso rudo desde $150/m² con IVA, alfombrasypisosdf.com) y $600/m² para poliéster premium (Magnificent SB, P.U. 2017 $552.76; alfombra Luxor gama alta $450-800/m² solo material, analisisdepreciosunitarios.com 2025). Equivale a repartir los modelos en proporción a (P.U. 2017 − 51.2), la parte del P.U. 2017 que no es alfombra; este modelo: P.U. 2017 $186.24 ⇒ $161.50/m²",2026-09,referencia
ALF-NOB-DERBY-II,"Alfombra Nobilis Derby II, Polipropileno Rizo (rollo; equivalente de gama 2026)",m2,92.00,"Regla de escala de la familia E06.06: precio = 95.00 + 1.1963 × (P.U. 2017 del modelo − 130.62), recta por dos anclas 2026 sin IVA: $95/m² para polipropileno económico (Sprint Plus, P.U. 2017 $130.62; respaldo: tabulador CDMX 2026-07 GH24BB 'alfombra modelo Sprint con bajo alfombra' $228.66/m² ⇒ alfombra ≈$90-100/m²; alfombras de uso rudo desde $150/m² con IVA, alfombrasypisosdf.com) y $600/m² para poliéster premium (Magnificent SB, P.U. 2017 $552.76; alfombra Luxor gama alta $450-800/m² solo material, analisisdepreciosunitarios.com 2025). Equivale a repartir los modelos en proporción a (P.U. 2017 − 51.2), la parte del P.U. 2017 que no es alfombra; este modelo: P.U. 2017 $128.03 ⇒ $92.00/m²",2026-09,referencia
ALF-NOB-DISCOVERY-II,"Alfombra Nobilis Discovery II, Polipropileno Rizo (rollo; equivalente de gama 2026)",m2,163.00,"Regla de escala de la familia E06.06: precio = 95.00 + 1.1963 × (P.U. 2017 del modelo − 130.62), recta por dos anclas 2026 sin IVA: $95/m² para polipropileno económico (Sprint Plus, P.U. 2017 $130.62; respaldo: tabulador CDMX 2026-07 GH24BB 'alfombra modelo Sprint con bajo alfombra' $228.66/m² ⇒ alfombra ≈$90-100/m²; alfombras de uso rudo desde $150/m² con IVA, alfombrasypisosdf.com) y $600/m² para poliéster premium (Magnificent SB, P.U. 2017 $552.76; alfombra Luxor gama alta $450-800/m² solo material, analisisdepreciosunitarios.com 2025). Equivale a repartir los modelos en proporción a (P.U. 2017 − 51.2), la parte del P.U. 2017 que no es alfombra; este modelo: P.U. 2017 $187.52 ⇒ $163.00/m²",2026-09,referencia
ALF-NOB-EDINBURG,"Alfombra Nobilis Edinburg, Poliester Rasurado (rollo; equivalente de gama 2026)",m2,380.50,"Regla de escala de la familia E06.06: precio = 95.00 + 1.1963 × (P.U. 2017 del modelo − 130.62), recta por dos anclas 2026 sin IVA: $95/m² para polipropileno económico (Sprint Plus, P.U. 2017 $130.62; respaldo: tabulador CDMX 2026-07 GH24BB 'alfombra modelo Sprint con bajo alfombra' $228.66/m² ⇒ alfombra ≈$90-100/m²; alfombras de uso rudo desde $150/m² con IVA, alfombrasypisosdf.com) y $600/m² para poliéster premium (Magnificent SB, P.U. 2017 $552.76; alfombra Luxor gama alta $450-800/m² solo material, analisisdepreciosunitarios.com 2025). Equivale a repartir los modelos en proporción a (P.U. 2017 − 51.2), la parte del P.U. 2017 que no es alfombra; este modelo: P.U. 2017 $369.12 ⇒ $380.50/m²",2026-09,referencia
ALF-NOB-FOUR-SEASONS,"Alfombra Nobilis Four Seasons, Poliester Trackless (rollo; equivalente de gama 2026)",m2,402.00,"Regla de escala de la familia E06.06: precio = 95.00 + 1.1963 × (P.U. 2017 del modelo − 130.62), recta por dos anclas 2026 sin IVA: $95/m² para polipropileno económico (Sprint Plus, P.U. 2017 $130.62; respaldo: tabulador CDMX 2026-07 GH24BB 'alfombra modelo Sprint con bajo alfombra' $228.66/m² ⇒ alfombra ≈$90-100/m²; alfombras de uso rudo desde $150/m² con IVA, alfombrasypisosdf.com) y $600/m² para poliéster premium (Magnificent SB, P.U. 2017 $552.76; alfombra Luxor gama alta $450-800/m² solo material, analisisdepreciosunitarios.com 2025). Equivale a repartir los modelos en proporción a (P.U. 2017 − 51.2), la parte del P.U. 2017 que no es alfombra; este modelo: P.U. 2017 $387.22 ⇒ $402.00/m²",2026-09,referencia
ALF-NOB-GRAND-MIRAGE,"Alfombra Nobilis Grand Mirage, Poliester Rasurado (rollo; equivalente de gama 2026)",m2,552.00,"Regla de escala de la familia E06.06: precio = 95.00 + 1.1963 × (P.U. 2017 del modelo − 130.62), recta por dos anclas 2026 sin IVA: $95/m² para polipropileno económico (Sprint Plus, P.U. 2017 $130.62; respaldo: tabulador CDMX 2026-07 GH24BB 'alfombra modelo Sprint con bajo alfombra' $228.66/m² ⇒ alfombra ≈$90-100/m²; alfombras de uso rudo desde $150/m² con IVA, alfombrasypisosdf.com) y $600/m² para poliéster premium (Magnificent SB, P.U. 2017 $552.76; alfombra Luxor gama alta $450-800/m² solo material, analisisdepreciosunitarios.com 2025). Equivale a repartir los modelos en proporción a (P.U. 2017 − 51.2), la parte del P.U. 2017 que no es alfombra; este modelo: P.U. 2017 $512.66 ⇒ $552.00/m²",2026-09,referencia
ALF-NOB-GRAND-NOBILITY,"Alfombra Nobilis Grand Nobility, Poliester Trackless (rollo; equivalente de gama 2026)",m2,538.00,"Regla de escala de la familia E06.06: precio = 95.00 + 1.1963 × (P.U. 2017 del modelo − 130.62), recta por dos anclas 2026 sin IVA: $95/m² para polipropileno económico (Sprint Plus, P.U. 2017 $130.62; respaldo: tabulador CDMX 2026-07 GH24BB 'alfombra modelo Sprint con bajo alfombra' $228.66/m² ⇒ alfombra ≈$90-100/m²; alfombras de uso rudo desde $150/m² con IVA, alfombrasypisosdf.com) y $600/m² para poliéster premium (Magnificent SB, P.U. 2017 $552.76; alfombra Luxor gama alta $450-800/m² solo material, analisisdepreciosunitarios.com 2025). Equivale a repartir los modelos en proporción a (P.U. 2017 − 51.2), la parte del P.U. 2017 que no es alfombra; este modelo: P.U. 2017 $501.02 ⇒ $538.00/m²",2026-09,referencia
ALF-NOB-GREEN-HILLS-I,"Alfombra Nobilis Green Hills I, Polipropileno Rasurado (rollo; equivalente de gama 2026)",m2,141.50,"Regla de escala de la familia E06.06: precio = 95.00 + 1.1963 × (P.U. 2017 del modelo − 130.62), recta por dos anclas 2026 sin IVA: $95/m² para polipropileno económico (Sprint Plus, P.U. 2017 $130.62; respaldo: tabulador CDMX 2026-07 GH24BB 'alfombra modelo Sprint con bajo alfombra' $228.66/m² ⇒ alfombra ≈$90-100/m²; alfombras de uso rudo desde $150/m² con IVA, alfombrasypisosdf.com) y $600/m² para poliéster premium (Magnificent SB, P.U. 2017 $552.76; alfombra Luxor gama alta $450-800/m² solo material, analisisdepreciosunitarios.com 2025). Equivale a repartir los modelos en proporción a (P.U. 2017 − 51.2), la parte del P.U. 2017 que no es alfombra; este modelo: P.U. 2017 $169.41 ⇒ $141.50/m²",2026-09,referencia
ALF-NOB-GREEN-HILLS-II,"Alfombra Nobilis Green Hills II, Polipropileno Rasurado (rollo; equivalente de gama 2026)",m2,197.00,"Regla de escala de la familia E06.06: precio = 95.00 + 1.1963 × (P.U. 2017 del modelo − 130.62), recta por dos anclas 2026 sin IVA: $95/m² para polipropileno económico (Sprint Plus, P.U. 2017 $130.62; respaldo: tabulador CDMX 2026-07 GH24BB 'alfombra modelo Sprint con bajo alfombra' $228.66/m² ⇒ alfombra ≈$90-100/m²; alfombras de uso rudo desde $150/m² con IVA, alfombrasypisosdf.com) y $600/m² para poliéster premium (Magnificent SB, P.U. 2017 $552.76; alfombra Luxor gama alta $450-800/m² solo material, analisisdepreciosunitarios.com 2025). Equivale a repartir los modelos en proporción a (P.U. 2017 − 51.2), la parte del P.U. 2017 que no es alfombra; este modelo: P.U. 2017 $215.98 ⇒ $197.00/m²",2026-09,referencia
ALF-NOB-GREEN-HILLS-III,"Alfombra Nobilis Green Hills III, Polipropileno Rasurado (rollo; equivalente de gama 2026)",m2,276.50,"Regla de escala de la familia E06.06: precio = 95.00 + 1.1963 × (P.U. 2017 del modelo − 130.62), recta por dos anclas 2026 sin IVA: $95/m² para polipropileno económico (Sprint Plus, P.U. 2017 $130.62; respaldo: tabulador CDMX 2026-07 GH24BB 'alfombra modelo Sprint con bajo alfombra' $228.66/m² ⇒ alfombra ≈$90-100/m²; alfombras de uso rudo desde $150/m² con IVA, alfombrasypisosdf.com) y $600/m² para poliéster premium (Magnificent SB, P.U. 2017 $552.76; alfombra Luxor gama alta $450-800/m² solo material, analisisdepreciosunitarios.com 2025). Equivale a repartir los modelos en proporción a (P.U. 2017 − 51.2), la parte del P.U. 2017 que no es alfombra; este modelo: P.U. 2017 $282.47 ⇒ $276.50/m²",2026-09,referencia
ALF-NOB-KING-S-PALACE,"Alfombra Nobilis King's Palace, Poliester Rasurado (rollo; equivalente de gama 2026)",m2,502.50,"Regla de escala de la familia E06.06: precio = 95.00 + 1.1963 × (P.U. 2017 del modelo − 130.62), recta por dos anclas 2026 sin IVA: $95/m² para polipropileno económico (Sprint Plus, P.U. 2017 $130.62; respaldo: tabulador CDMX 2026-07 GH24BB 'alfombra modelo Sprint con bajo alfombra' $228.66/m² ⇒ alfombra ≈$90-100/m²; alfombras de uso rudo desde $150/m² con IVA, alfombrasypisosdf.com) y $600/m² para poliéster premium (Magnificent SB, P.U. 2017 $552.76; alfombra Luxor gama alta $450-800/m² solo material, analisisdepreciosunitarios.com 2025). Equivale a repartir los modelos en proporción a (P.U. 2017 − 51.2), la parte del P.U. 2017 que no es alfombra; este modelo: P.U. 2017 $471.29 ⇒ $502.50/m²",2026-09,referencia
ALF-NOB-LEGACY-II,"Alfombra Nobilis Legacy II, Poliester Rasurado (rollo; equivalente de gama 2026)",m2,324.50,"Regla de escala de la familia E06.06: precio = 95.00 + 1.1963 × (P.U. 2017 del modelo − 130.62), recta por dos anclas 2026 sin IVA: $95/m² para polipropileno económico (Sprint Plus, P.U. 2017 $130.62; respaldo: tabulador CDMX 2026-07 GH24BB 'alfombra modelo Sprint con bajo alfombra' $228.66/m² ⇒ alfombra ≈$90-100/m²; alfombras de uso rudo desde $150/m² con IVA, alfombrasypisosdf.com) y $600/m² para poliéster premium (Magnificent SB, P.U. 2017 $552.76; alfombra Luxor gama alta $450-800/m² solo material, analisisdepreciosunitarios.com 2025). Equivale a repartir los modelos en proporción a (P.U. 2017 − 51.2), la parte del P.U. 2017 que no es alfombra; este modelo: P.U. 2017 $322.57 ⇒ $324.50/m²",2026-09,referencia
ALF-NOB-LEXUS-II,"Alfombra Nobilis Lexus II, Polipropileno Dibujo Varitronics (rollo; equivalente de gama 2026)",m2,174.00,"Regla de escala de la familia E06.06: precio = 95.00 + 1.1963 × (P.U. 2017 del modelo − 130.62), recta por dos anclas 2026 sin IVA: $95/m² para polipropileno económico (Sprint Plus, P.U. 2017 $130.62; respaldo: tabulador CDMX 2026-07 GH24BB 'alfombra modelo Sprint con bajo alfombra' $228.66/m² ⇒ alfombra ≈$90-100/m²; alfombras de uso rudo desde $150/m² con IVA, alfombrasypisosdf.com) y $600/m² para poliéster premium (Magnificent SB, P.U. 2017 $552.76; alfombra Luxor gama alta $450-800/m² solo material, analisisdepreciosunitarios.com 2025). Equivale a repartir los modelos en proporción a (P.U. 2017 − 51.2), la parte del P.U. 2017 que no es alfombra; este modelo: P.U. 2017 $196.57 ⇒ $174.00/m²",2026-09,referencia
ALF-NOB-LONDON-SQUARE,"Alfombra Nobilis London Square, Polipropileno Graphics (rollo; equivalente de gama 2026)",m2,331.00,"Regla de escala de la familia E06.06: precio = 95.00 + 1.1963 × (P.U. 2017 del modelo − 130.62), recta por dos anclas 2026 sin IVA: $95/m² para polipropileno económico (Sprint Plus, P.U. 2017 $130.62; respaldo: tabulador CDMX 2026-07 GH24BB 'alfombra modelo Sprint con bajo alfombra' $228.66/m² ⇒ alfombra ≈$90-100/m²; alfombras de uso rudo desde $150/m² con IVA, alfombrasypisosdf.com) y $600/m² para poliéster premium (Magnificent SB, P.U. 2017 $552.76; alfombra Luxor gama alta $450-800/m² solo material, analisisdepreciosunitarios.com 2025). Equivale a repartir los modelos en proporción a (P.U. 2017 − 51.2), la parte del P.U. 2017 que no es alfombra; este modelo: P.U. 2017 $327.73 ⇒ $331.00/m²",2026-09,referencia
ALF-NOB-MASTERPIECE-II,"Alfombra Nobilis Masterpiece II, Poliester Rasurado (rollo; equivalente de gama 2026)",m2,549.00,"Regla de escala de la familia E06.06: precio = 95.00 + 1.1963 × (P.U. 2017 del modelo − 130.62), recta por dos anclas 2026 sin IVA: $95/m² para polipropileno económico (Sprint Plus, P.U. 2017 $130.62; respaldo: tabulador CDMX 2026-07 GH24BB 'alfombra modelo Sprint con bajo alfombra' $228.66/m² ⇒ alfombra ≈$90-100/m²; alfombras de uso rudo desde $150/m² con IVA, alfombrasypisosdf.com) y $600/m² para poliéster premium (Magnificent SB, P.U. 2017 $552.76; alfombra Luxor gama alta $450-800/m² solo material, analisisdepreciosunitarios.com 2025). Equivale a repartir los modelos en proporción a (P.U. 2017 − 51.2), la parte del P.U. 2017 que no es alfombra; este modelo: P.U. 2017 $510.09 ⇒ $549.00/m²",2026-09,referencia
ALF-NOB-MONTCLAIR,"Alfombra Nobilis Montclair, Polipropileno Berber (rollo; equivalente de gama 2026)",m2,144.50,"Regla de escala de la familia E06.06: precio = 95.00 + 1.1963 × (P.U. 2017 del modelo − 130.62), recta por dos anclas 2026 sin IVA: $95/m² para polipropileno económico (Sprint Plus, P.U. 2017 $130.62; respaldo: tabulador CDMX 2026-07 GH24BB 'alfombra modelo Sprint con bajo alfombra' $228.66/m² ⇒ alfombra ≈$90-100/m²; alfombras de uso rudo desde $150/m² con IVA, alfombrasypisosdf.com) y $600/m² para poliéster premium (Magnificent SB, P.U. 2017 $552.76; alfombra Luxor gama alta $450-800/m² solo material, analisisdepreciosunitarios.com 2025). Equivale a repartir los modelos en proporción a (P.U. 2017 − 51.2), la parte del P.U. 2017 que no es alfombra; este modelo: P.U. 2017 $172.01 ⇒ $144.50/m²",2026-09,referencia
ALF-NOB-MYSTIQUE,"Alfombra Nobilis Mystique, Poliester Rasurado (rollo; equivalente de gama 2026)",m2,287.50,"Regla de escala de la familia E06.06: precio = 95.00 + 1.1963 × (P.U. 2017 del modelo − 130.62), recta por dos anclas 2026 sin IVA: $95/m² para polipropileno económico (Sprint Plus, P.U. 2017 $130.62; respaldo: tabulador CDMX 2026-07 GH24BB 'alfombra modelo Sprint con bajo alfombra' $228.66/m² ⇒ alfombra ≈$90-100/m²; alfombras de uso rudo desde $150/m² con IVA, alfombrasypisosdf.com) y $600/m² para poliéster premium (Magnificent SB, P.U. 2017 $552.76; alfombra Luxor gama alta $450-800/m² solo material, analisisdepreciosunitarios.com 2025). Equivale a repartir los modelos en proporción a (P.U. 2017 − 51.2), la parte del P.U. 2017 que no es alfombra; este modelo: P.U. 2017 $291.52 ⇒ $287.50/m²",2026-09,referencia
ALF-NOB-NATURAL-COLLECTION,"Alfombra Nobilis Natural Collection, Polipropileno Berber (rollo; equivalente de gama 2026)",m2,167.50,"Regla de escala de la familia E06.06: precio = 95.00 + 1.1963 × (P.U. 2017 del modelo − 130.62), recta por dos anclas 2026 sin IVA: $95/m² para polipropileno económico (Sprint Plus, P.U. 2017 $130.62; respaldo: tabulador CDMX 2026-07 GH24BB 'alfombra modelo Sprint con bajo alfombra' $228.66/m² ⇒ alfombra ≈$90-100/m²; alfombras de uso rudo desde $150/m² con IVA, alfombrasypisosdf.com) y $600/m² para poliéster premium (Magnificent SB, P.U. 2017 $552.76; alfombra Luxor gama alta $450-800/m² solo material, analisisdepreciosunitarios.com 2025). Equivale a repartir los modelos en proporción a (P.U. 2017 − 51.2), la parte del P.U. 2017 que no es alfombra; este modelo: P.U. 2017 $191.40 ⇒ $167.50/m²",2026-09,referencia
ALF-NOB-NAUTICA,"Alfombra Nobilis Nautica, Polipropileno Graphics (rollo; equivalente de gama 2026)",m2,149.00,"Regla de escala de la familia E06.06: precio = 95.00 + 1.1963 × (P.U. 2017 del modelo − 130.62), recta por dos anclas 2026 sin IVA: $95/m² para polipropileno económico (Sprint Plus, P.U. 2017 $130.62; respaldo: tabulador CDMX 2026-07 GH24BB 'alfombra modelo Sprint con bajo alfombra' $228.66/m² ⇒ alfombra ≈$90-100/m²; alfombras de uso rudo desde $150/m² con IVA, alfombrasypisosdf.com) y $600/m² para poliéster premium (Magnificent SB, P.U. 2017 $552.76; alfombra Luxor gama alta $450-800/m² solo material, analisisdepreciosunitarios.com 2025). Equivale a repartir los modelos en proporción a (P.U. 2017 − 51.2), la parte del P.U. 2017 que no es alfombra; este modelo: P.U. 2017 $175.89 ⇒ $149.00/m²",2026-09,referencia
ALF-NOB-NEVADA,"Alfombra Nobilis Nevada, Poliester Razurado (rollo; equivalente de gama 2026)",m2,140.00,"Regla de escala de la familia E06.06: precio = 95.00 + 1.1963 × (P.U. 2017 del modelo − 130.62), recta por dos anclas 2026 sin IVA: $95/m² para polipropileno económico (Sprint Plus, P.U. 2017 $130.62; respaldo: tabulador CDMX 2026-07 GH24BB 'alfombra modelo Sprint con bajo alfombra' $228.66/m² ⇒ alfombra ≈$90-100/m²; alfombras de uso rudo desde $150/m² con IVA, alfombrasypisosdf.com) y $600/m² para poliéster premium (Magnificent SB, P.U. 2017 $552.76; alfombra Luxor gama alta $450-800/m² solo material, analisisdepreciosunitarios.com 2025). Equivale a repartir los modelos en proporción a (P.U. 2017 − 51.2), la parte del P.U. 2017 que no es alfombra; este modelo: P.U. 2017 $168.12 ⇒ $140.00/m²",2026-09,referencia
ALF-NOB-NORTH-STAR,"Alfombra Nobilis North Star, Polipropileno Graphics (rollo; equivalente de gama 2026)",m2,146.00,"Regla de escala de la familia E06.06: precio = 95.00 + 1.1963 × (P.U. 2017 del modelo − 130.62), recta por dos anclas 2026 sin IVA: $95/m² para polipropileno económico (Sprint Plus, P.U. 2017 $130.62; respaldo: tabulador CDMX 2026-07 GH24BB 'alfombra modelo Sprint con bajo alfombra' $228.66/m² ⇒ alfombra ≈$90-100/m²; alfombras de uso rudo desde $150/m² con IVA, alfombrasypisosdf.com) y $600/m² para poliéster premium (Magnificent SB, P.U. 2017 $552.76; alfombra Luxor gama alta $450-800/m² solo material, analisisdepreciosunitarios.com 2025). Equivale a repartir los modelos en proporción a (P.U. 2017 − 51.2), la parte del P.U. 2017 que no es alfombra; este modelo: P.U. 2017 $173.30 ⇒ $146.00/m²",2026-09,referencia
ALF-NOB-QUEST,"Alfombra Nobilis Quest, Polipropileno Graphics (rollo; equivalente de gama 2026)",m2,127.50,"Regla de escala de la familia E06.06: precio = 95.00 + 1.1963 × (P.U. 2017 del modelo − 130.62), recta por dos anclas 2026 sin IVA: $95/m² para polipropileno económico (Sprint Plus, P.U. 2017 $130.62; respaldo: tabulador CDMX 2026-07 GH24BB 'alfombra modelo Sprint con bajo alfombra' $228.66/m² ⇒ alfombra ≈$90-100/m²; alfombras de uso rudo desde $150/m² con IVA, alfombrasypisosdf.com) y $600/m² para poliéster premium (Magnificent SB, P.U. 2017 $552.76; alfombra Luxor gama alta $450-800/m² solo material, analisisdepreciosunitarios.com 2025). Equivale a repartir los modelos en proporción a (P.U. 2017 − 51.2), la parte del P.U. 2017 que no es alfombra; este modelo: P.U. 2017 $157.79 ⇒ $127.50/m²",2026-09,referencia
ALF-NOB-WEMBLY-II,"Alfombra Nobilis Wembly II, Polipropileno Dibujo Varitronics (rollo; equivalente de gama 2026)",m2,172.50,"Regla de escala de la familia E06.06: precio = 95.00 + 1.1963 × (P.U. 2017 del modelo − 130.62), recta por dos anclas 2026 sin IVA: $95/m² para polipropileno económico (Sprint Plus, P.U. 2017 $130.62; respaldo: tabulador CDMX 2026-07 GH24BB 'alfombra modelo Sprint con bajo alfombra' $228.66/m² ⇒ alfombra ≈$90-100/m²; alfombras de uso rudo desde $150/m² con IVA, alfombrasypisosdf.com) y $600/m² para poliéster premium (Magnificent SB, P.U. 2017 $552.76; alfombra Luxor gama alta $450-800/m² solo material, analisisdepreciosunitarios.com 2025). Equivale a repartir los modelos en proporción a (P.U. 2017 − 51.2), la parte del P.U. 2017 que no es alfombra; este modelo: P.U. 2017 $195.28 ⇒ $172.50/m²",2026-09,referencia
ALF-NOB-WINDSTAR,"Alfombra Nobilis Windstar, Poliester Rasurado (rollo; equivalente de gama 2026)",m2,175.50,"Regla de escala de la familia E06.06: precio = 95.00 + 1.1963 × (P.U. 2017 del modelo − 130.62), recta por dos anclas 2026 sin IVA: $95/m² para polipropileno económico (Sprint Plus, P.U. 2017 $130.62; respaldo: tabulador CDMX 2026-07 GH24BB 'alfombra modelo Sprint con bajo alfombra' $228.66/m² ⇒ alfombra ≈$90-100/m²; alfombras de uso rudo desde $150/m² con IVA, alfombrasypisosdf.com) y $600/m² para poliéster premium (Magnificent SB, P.U. 2017 $552.76; alfombra Luxor gama alta $450-800/m² solo material, analisisdepreciosunitarios.com 2025). Equivale a repartir los modelos en proporción a (P.U. 2017 − 51.2), la parte del P.U. 2017 que no es alfombra; este modelo: P.U. 2017 $197.86 ⇒ $175.50/m²",2026-09,referencia
